squareFootage;constructionYear;price
43;0;350
49;0;54990
212;0;5000
280;0;5000
96;1980;93000
50;0;380
75;0;700
85;2006;190000
47;1973;350
94;0;240000
65;1992;90000
55;2008;83000
58;0;500
58;0;179000
54;0;450
79;0;173734
54;0;450
56;0;1200
200;0;4500
75;0;121000
54;0;75000
65;0;600
85;0;600
72;0;550
57;0;850
160;0;3000
300;0;4000
92;0;1750
240;0;2500
105;0;2000
22;0;200
114;0;165000
60;2021;99198
192;0;304545
90;0;240000
116;2018;200000
107;0;180000
117;0;1500
50;0;800
95;0;1750
60;0;550
42;0;84000
46;0;130000
60;0;77000
42;2020;58600
183;2020;380000
260;0;860000
72;0;390
100;0;1300
255;0;820000
32;2021;41600
55;0;600
58;0;500
52;0;600
86;0;1000
70;0;600
50;0;500
82;0;700
81;0;700
56;0;750
80;0;650
102;0;124000
56;0;330
78;0;178000
63;0;350
55;0;340
55;0;350
55;0;400
50;0;500
29;0;109900
44;0;250
70;0;600
45;0;250
34;0;300
55;0;500
80;0;600
124;0;1600
78;0;550
76;0;1000
25;0;72000
95;0;1200
75;0;650
75;0;400
59;0;300
75;0;850
36;0;180
46;0;500
51;0;250
42;0;250
133;0;155000
66;0;400
46;0;700
137;0;1500
55;0;300
41;0;290
71;0;92850
28;2021;55500
41;2021;81000
52;0;500
72;0;136000
42;0;104000
85;0;600
85;0;1200
176;0;185000
70;0;450
101;0;230000
101;0;230000
104;0;255000
96;0;1000
61;0;155900
75;0;350
53;0;129900
46;1930;350
52;0;450
60;2017;65000
55;0;92500
56;0;750
96;0;150900
130;0;203000
120;0;369000
97;0;189900
58;0;112000
228;0;380000
99;1936;229000
60;0;68000
53;0;90000
89;0;267000
78;0;163800
96;0;219000
85;0;1000
55;0;119500
84;0;226000
55;0;120000
84;0;120000
77;1939;195000
55;0;400
42;0;350
96;1941;185000
86;0;130000
128;0;1700
80;0;1000
220;0;3000
90;0;1800
70;0;75000
49;0;105000
61;0;155900
52;0;89400
115;0;199000
105;0;159000
53;0;55500
38;0;39480
60;0;1000
140;0;294000
64;0;128000
64;0;1400
110;0;220000
60;0;600
48;0;130000
96;0;144000
62;0;370
80;0;149000
90;0;800
96;0;150000
53;0;250
43;0;250
45;0;350
198;0;1500
82;0;500
80;0;650
74;0;480
40;0;390
67;0;650
75;0;140000
71;0;1200
75;0;550
60;0;650
80;0;650
80;0;450
61;0;300
60;0;600
61;0;600
64;0;400
53;0;700
70;0;700
45;0;230
97;0;243650
73;0;182275
59;0;280
78;0;80000
101;0;129000
85;0;204000
103;0;195000
86;0;163000
90;0;210000
170;0;3500
75;0;1000
115;0;1500
144;0;2500
80;0;1200
144;0;2500
100;0;2200
180;0;2300
100;0;2000
214;0;3500
240;0;2500
200;0;2500
170;0;3500
120;0;2500
209;0;2200
75;0;1000
92;0;1750
200;0;4000
160;0;2500
236;0;2200
135;0;1500
260;0;3500
125;0;2500
230;0;2300
26;2017;175
95;0;950
16;0;9500
212;0;5000
54;0;380
75;0;750
60;0;550
54;0;350
55;0;90000
82;0;1550
56;0;450
126;0;1000
60;0;139000
67;0;124320
51;1970;79000
43;0;80000
87;0;215000
74;1970;140000
5;0;800
90;0;350
43;1990;71000
75;0;149900
55;0;165888
164;0;1433888
56;0;196888
88;0;243888
55;0;186888
79;0;173560
55;0;170888
52;0;93600
51;0;156888
60;0;450
45;1937;480
95;0;950
59;0;79600
70;0;120000
70;0;140000
75;0;225000
76;0;155000
43;0;240
87;0;174000
86;0;280000
89;0;325000
91;0;99000
94;0;262000
92;0;82800
98;0;297000
100;0;225000
102;0;249900
120;0;280000
125;0;358000
65;0;93400
132;0;290070
90;0;197910
55;0;172000
57;0;150404
280;0;4000
82;0;120000
70;0;700
100;0;94000
75;0;700
45;0;450
94;0;328900
56;0;650
53;0;113500
110;0;1200
68;0;207000
125;0;185000
52;0;81000
62;0;97000
59;0;97000
136;0;285000
62;0;70000
55;0;92000
64;0;82000
81;0;158000
63;0;99000
37;0;71400
55;0;50900
32;0;69900
55;0;73000
58;0;69500
59;0;125000
59;0;210000
60;0;75000
44;0;47000
60;0;91000
60;0;138000
35;0;104000
134;1990;220000
75;2019;156750
68;0;99990
100;2009;190000
34;2010;107000
81;2006;185000
46;0;108000
87;0;650
72;0;82000
52;0;96000
114;0;247000
43;0;110500
78;0;195000
100;0;1000
50;0;175000
51;0;177000
54;0;155888
53;0;155500
207;0;440000
62;0;1950
40;0;70000
72;0;146000
126;0;252000
51;0;57000
51;0;102000
95;0;203000
71;0;135000
113;0;230000
139;0;661888
46;0;81000
77;0;184800
56;0;66500
40;0;105000
122;0;179900
108;1983;194900
57;0;77000
114;0;225000
61;0;112500
41;2016;79000
55;1939;105000
52;1987;72000
95;0;299000
43;1999;72800
40;0;95000
47;0;56000
29;1975;69900
80;0;650
56;0;52000
95;0;148000
65;0;450
68;0;81200
111;0;1150
80;0;900
202;0;550000
100;0;850
60;0;105000
61;0;125000
63;0;118000
88;0;150000
69;2020;158535
130;0;260000
86;0;133000
35;0;89900
113;1970;219000
114;1930;247000
177;1947;730000
102;0;161000
42;0;75600
40;0;133000
140;0;2000
75;0;170000
51;0;105580
52;0;128370
62;0;119000
240;0;750000
116;2010;200000
81;0;170000
155;0;450000
136;0;0
38;0;149900
104;0;0
34;0;250
42;0;105000
37;2000;87500
69;0;400
45;0;450
15;0;25000
80;0;700
87;0;700
80;0;850
68;0;500
120;0;420000
75;0;350
36;0;320
80;0;700
82;0;450
60;0;430
70;0;400
50;0;470
86;0;600
70;0;400
78;0;500
95;0;950
100;0;800
220;0;2000
90;0;1350
55;0;500
81;0;800
41;0;300
40;0;60000
77;0;189000
68;0;68000
70;0;145000
46;0;400
57;0;141000
104;0;130000
54;0;185000
54;0;130000
70;0;300
49;0;62000
48;0;83000
43;0;53750
65;0;400
150;0;310000
96;0;119900
112;0;229000
42;0;69500
113;0;95000
44;0;79200
47;0;84600
20;0;43000
40;0;92000
33;0;27000
70;0;95000
56;0;800
62;0;240000
30;0;250
37;0;280
43;0;500
30;0;450
50;0;500
28;0;270
21;0;270
38;1960;120000
110;1948;132000
39;1976;98000
46;0;46000
34;0;390
60;0;130000
162;0;246583
42;1980;73000
30;0;400
29;0;250
220;2007;376000
40;0;300
56;0;162000
142;0;299000
78;0;135000
144;0;458888
130;0;520
169;0;256143
145;0;279999
130;0;220000
62;1998;102000
127;1910;265000
138;0;661888
121;0;338888
140;0;471888
120;2010;195000
91;0;239500
109;2020;272500
111;0;315888
128;2020;320300
106;2017;226730
130;2009;220000
98;0;125000
38;1989;77000
140;0;474888
91;0;716888
90;0;170000
87;1939;158000
92;0;1500
100;0;270000
102;2009;150000
92;2017;205595
92;0;257888
92;0;254888
90;2008;400000
92;0;279900
89;1980;149000
90;0;260888
90;2017;240000
90;0;285888
70;0;400
89;0;247888
91;0;763888
97;0;215000
98;2017;239000
91;0;716888
99;0;185000
94;1980;110000
100;1963;160000
100;0;193000
94;2010;181800
91;2010;145000
97;1923;130000
94;2017;210397
100;2013;269000
91;0;732888
104;1939;200000
95;2008;160000
91;0;751888
96;0;195000
101;2002;180000
99;1973;265000
104;0;275000
103;2019;227000
105;0;179000
111;0;189000
108;0;180000
103;0;750
105;1976;249000
89;2021;165000
83;0;232888
88;2017;198000
83;2020;187850
81;0;800
85;2005;190000
102;2019;265500
85;0;190000
84;1936;130000
83;2020;187850
83;2019;150000
84;2020;199900
85;0;275000
86;0;650
87;2021;161000
87;1935;220000
84;2021;200000
86;0;1000
85;0;700
84;0;220000
81;0;225888
46;0;105000
87;0;299888
81;0;230888
82;0;243888
80;0;148000
90;0;264888
82;0;249888
76;0;208888
82;0;243888
73;1989;73000
67;1980;114000
75;1938;135000
108;0;550
75;0;149900
65;2020;109000
101;0;200990
66;0;89000
64;2019;165500
65;2009;130000
65;2019;184000
66;0;161000
66;1983;117000
66;1988;115000
65;0;175000
73;2007;145000
68;0;232000
66;0;138000
66;2020;172900
67;2019;143000
67;1954;295000
70;2002;110000
70;0;105000
70;0;350
82;0;267888
66;0;122000
62;2019;161500
62;2019;163500
66;0;161000
70;2013;110000
60;1928;112000
67;1980;127500
58;1980;115000
60;1991;36000
60;2020;110000
60;0;97000
61;2005;155000
62;1980;133000
60;2000;185000
71;1938;140000
58;0;177888
60;1966;130000
54;0;158888
59;2017;137897
59;0;105000
60;0;87000
59;1970;75000
55;0;186888
55;0;225000
62;1927;119000
52;0;75000
56;2020;49000
47;2020;106250
50;1938;139000
53;2020;46000
51;0;50000
45;0;75000
46;2017;139000
52;0;99000
45;0;550
45;0;700
36;0;79500
33;1935;94000
51;1980;86700
46;0;77000
50;2020;120000
38;0;95000
39;2021;74000
43;2016;69500
45;2021;93912
46;2012;92000
37;0;98500
46;1935;145000
43;0;112000
39;0;50000
44;2016;70000
46;2020;105000
44;0;87500
43;0;84900
47;2020;106250
45;2021;93912
48;1948;120000
47;1973;68500
45;2019;88000
47;1970;81000
47;2020;106250
70;1980;102000
49;2021;92200
50;2020;51000
47;2020;106250
47;2019;62000
50;0;82500
50;0;350
60;0;113000
50;0;108000
50;0;96000
51;1987;103000
48;2019;110000
49;2021;93000
54;0;230000
51;0;115000
51;2009;125000
54;0;800
52;0;104900
54;1929;130000
54;1980;77000
54;2020;55100
56;0;90000
55;0;129000
54;0;162888
51;2018;177000
55;0;500
55;2020;113500
65;0;350
54;0;157888
56;0;160888
55;0;120000
54;1956;105000
56;0;119000
56;0;168888
55;2010;83500
54;0;156888
57;2019;149000
55;0;100000
75;0;400
57;1981;129000
30;2020;68200
30;0;105000
31;2021;65898
54;0;159888
25;0;270
32;0;105000
51;0;121000
58;0;177888
36;0;75000
20;0;26000
57;1933;150000
14;0;160
61;2009;155000
45;0;72000
35;0;600
18;0;56000
70;1975;77000
30;0;69000
59;1980;41000
26;0;60000
25;0;200
30;0;115000
116;0;2000
24;0;50000
56;2012;87000
26;0;56000
30;2020;68200
36;1968;85000
34;0;300
11;0;7000
82;1924;500
56;0;600
126;0;360000
71;0;156574
33;1930;77900
67;1970;700
32;1961;65000
45;2007;330
48;0;77000
94;1982;175000
57;2021;850
70;0;400
96;1983;110000
47;0;89900
63;0;500
40;0;300
102;0;250000
30;1958;60000
59;1960;105000
73;0;107900
48;0;109900
37;0;44400
41;0;370
50;2011;50000
123;2007;308000
49;0;59000
28;1930;73000
68;0;150964
35;1930;75000
35;2005;61250
40;1940;350
70;0;154000
53;1970;350
64;0;400
66;0;109000
70;2009;120000
44;0;350
52;0;500
85;2001;76500
58;2008;72500
40;0;400
53;0;79000
54;0;25000
167;0;630000
39;0;35000
40;2020;95000
70;0;109000
40;0;92000
30;2011;40000
195;2001;380000
52;0;450
120;0;369000
1080;2020;4100
65;2019;190000
62;1934;130000
50;0;400
54;2010;350
66;2020;107500
45;1960;39000
37;1936;98900
46;0;87000
59;2020;106200
82;1936;500
58;1980;78000
84;1986;84000
49;0;55000
41;0;49000
52;1988;75000
62;0;94000
100;0;180000
50;1970;93000
31;0;50000
70;1930;145000
47;2020;75200
35;0;300
54;2010;400
76;2008;95000
78;2020;189583
59;0;300
52;0;84500
37;1970;93000
78;2020;189583
55;2020;125000
60;0;80000
45;1965;56000
74;2021;172615
74;2021;157753
11;0;12800
11;0;12800
11;2021;12800
11;2021;12800
38;0;92000
136;0;630888
11;2021;12800
11;2021;12800
75;2021;157754
46;2021;111039
75;2021;164530
208;2015;297000
95;1990;148000
96;2021;200550
11;0;12800
11;0;12800
11;0;12800
11;0;12800
11;0;12800
95;2021;203325
37;1980;71400
11;2021;15360
96;2021;200550
88;0;260000
54;0;107000
98;1982;249000
47;2021;112330
11;0;12800
10;2012;80
54;2010;90000
200;2012;1300
109;2008;199000
77;0;100000
2400;2005;1650000
49;2017;60000
54;2014;53000
60;0;115000
66;2020;107500
39;2005;49000
76;0;95000
493;0;630000
55;1980;90000
45;0;450
103;1939;205000
111;2017;235000
50;1966;155000
11;2021;12800
37;1980;37000
83;2020;94000
27;0;67500
23;0;48000
45;1990;65500
90;2000;800
47;0;75000
170;0;550
180;2012;900
25;2012;72000
62;2020;111600
76;0;84900
110;1934;219000
95;1968;135000
128;2010;330000
119;1998;140000
36;1990;90000
39;1960;53000
60;1985;69000
48;1970;87000
61;1969;89000
104;1960;165000
95;0;180000
82;1918;95000
78;2008;78000
39;2020;140000
82;0;242888
110;1930;230000
23;0;75000
54;2009;125000
78;2017;65000
27;0;79900
49;0;72000
27;0;64000
43;1938;370
113;0;90000
73;1990;56000
56;1982;105000
125;2004;181000
95;0;700
28;2010;55000
109;2009;211182
120;2010;200000
91;1973;189000
31;0;127000
75;1938;133000
37;1928;54900
24;1938;220
60;1959;102500
95;1980;185000
162;0;235000
116;1962;139000
145;1982;149900
100;0;157000
70;2020;209000
29;0;54000
70;1993;110000
46;2001;110000
61;0;47000
50;0;400
150;2009;298708
64;2019;128000
83;0;160000
103;1939;750
28;0;38000
75;1982;139000
70;0;152000
91;2008;180000
86;1980;177000
102;0;230000
54;2009;55000
80;1930;200000
33;0;39000
75;1986;60000
26;0;56000
90;2008;180000
72;1937;135000
96;0;196000
59;2016;500
120;1970;330000
60;0;112000
39;1960;105000
98;1971;179000
61;2008;108425
90;2015;165000
74;2011;145000
100;1979;115000
53;2013;71500
54;0;103000
132;0;179800
49;2021;102165
93;2000;145000
10;0;80
92;2015;115000
30;1985;60000
118;1963;127000
54;0;350
58;2020;75350
43;2020;55860
44;2020;84000
67;2020;87050
54;2020;101000
55;2020;71450
24;1950;50000
34;1926;64000
67;0;180000
35;2020;45470
20;1919;39000
55;1980;95000
59;1986;48000
125;1980;119000
34;0;55000
18;0;56000
36;1948;67000
43;1975;25000
23;2014;37500
67;0;127500
65;0;127000
12;0;24000
77;0;90000
75;0;750
75;0;115000
88;0;115000
109;2007;210000
52;0;500
37;0;370
98;1952;274000
80;1982;120000
67;0;450
54;1960;70000
163;0;2040
61;0;155000
56;0;400
81;0;140000
107;0;250000
110;0;84900
191;2005;180000
92;0;139000
44;2008;59900
99;0;145000
71;0;99000
105;1970;95000
45;2017;119700
112;1969;180000
102;0;125000
112;0;135000
74;0;80000
105;2002;210000
82;0;65000
100;0;750
80;1943;124000
54;0;98000
80;0;148000
108;0;1500
44;1976;98000
90;0;125000
84;1980;126000
90;0;85000
120;0;300000
120;0;135000
100;2015;250000
94;2003;179000
54;0;57000
62;2016;111600
42;2020;55000
96;1986;194900
148;1960;270000
105;1933;179000
167;0;450000
55;0;48000
52;2013;39000
80;0;72000
40;0;80000
80;0;146000
67;1930;200000
83;1950;90000
83;0;150000
87;2013;129900
90;2010;125000
48;1950;95000
162;2000;275000
169;0;510000
87;0;140000
67;0;800
66;2005;90000
600;0;420000
102;1935;279900
71;0;135000
47;0;500
66;0;109000
77;1991;170000
72;0;109000
56;1989;58000
70;0;600
55;0;350
35;0;300
115;1929;1500
47;2016;39950
47;0;73000
55;0;92000
43;2016;43000
106;1963;185000
44;0;38000
41;2016;41000
75;0;100000
52;1926;89000
99;0;217000
92;2007;1100
96;2005;240000
84;1938;158000
135;0;1500
66;0;138000
88;1939;200000
75;1980;65000
174;0;160000
50;1970;300
119;0;92000
36;2016;36000
85;0;55000
54;2010;124000
94;0;179000
70;0;650
65;0;120000
139;0;180000
102;0;93000
83;0;285000
204;1939;400000
120;0;1000
119;1975;185000
81;0;122000
70;0;65000
56;0;55000
68;0;60000
79;2008;700
97;2017;1300
198;2000;230000
65;0;500
178;0;400000
34;0;350
100;2008;75000
129;2018;236900
103;0;180000
96;1990;127000
70;0;750
101;2018;75000
150;0;370000
83;0;700
70;0;500
138;0;2175
49;2010;32500
70;0;90000
108;0;204000
23;1969;50000
147;0;250000
87;2006;204000
130;1937;700
133;1929;290000
52;1931;600
100;2000;160000
135;0;1500
130;0;265000
52;0;75000
65;2001;115000
50;1890;400
17;1960;53000
85;1972;185000
160;0;357000
46;0;17500
90;0;220000
120;1980;250000
230;2017;220000
118;1938;220000
61;0;124900
76;1960;115000
50;1970;85000
58;2014;61950
52;2017;450
58;2014;61950
65;1930;85000
90;1970;59500
67;0;72900
72;0;66000
80;1934;68000
25;1938;33000
125;2002;750
75;0;68000
110;1963;215000
70;0;75000
125;2010;205000
32;2015;100000
170;0;315000
85;2008;170000
93;1937;250000
80;0;184000
41;0;53300
85;2006;160000
153;2006;290000
86;0;85000
80;1930;164900
234;2000;305000
88;0;191800
92;0;148000
380;2014;700000
137;0;254000
148;0;418000
31;0;39900
107;2014;270000
110;0;350000
93;1937;250000
80;0;184000
50;0;44000
115;0;245000
86;0;94600
169;1923;300000
147;0;260000
87;0;228000
120;0;135000
80;0;110000
39;2006;55000
54;0;57000
62;2016;111600
52;2013;39000
94;2003;179000
100;2015;250000
167;0;450000
55;0;48000
104;1980;87000
78;0;148000
80;0;146000
32;2015;100000
44;1976;98000
80;0;72000
84;1980;126000
67;1930;200000
110;1963;215000
60;0;65000
125;2010;205000
65;0;186000
70;0;600
34;0;35000
76;1991;169900
50;0;380
105;1933;179000
75;1950;600
41;0;82900
96;1986;194900
88;1929;260000
52;1940;79900
105;0;140000
31;0;95000
53;1935;109000
77;2012;69450
59;1919;99500
65;0;71000
94;2007;182000
56;1960;139000
47;0;62000
86;2007;155000
139;0;471888
145;2007;200000
54;1934;500
70;1980;102000
53;0;68900
14;1919;38500
60;2019;172000
30;0;59900
58;1970;112200
35;0;65000
44;1964;107000
41;2007;104500
53;0;39900
90;2011;217000
49;1940;94000
84;1980;175000
80;0;80000
31;0;95000
65;0;62000
55;2019;126500
54;0;57000
201;2012;422100
43;0;77000
54;1938;232000
62;0;210000
90;2012;99000
120;0;168900
98;0;175000
55;0;220000
160;1936;650000
70;1975;140000
62;1927;119000
112;0;74900
50;0;44000
148;1960;270000
234;2000;305000
135;2006;105000
65;2005;86000
81;0;105000
55;0;93500
61;2017;320000
47;0;75000
37;0;78900
70;1977;68000
80;1930;164900
62;2009;114000
139;0;472888
110;0;110000
90;0;250000
62;0;65000
120;2015;264000
43;0;42000
70;1980;81000
49;2008;85000
90;0;85000
80;0;98000
103;1991;650
122;0;290000
77;0;90000
62;0;120000
47;0;75000
92;0;112000
84;2003;140000
55;0;500
62;2009;114000
154;0;250000
89;2009;950
30;0;28000
89;2009;235000
98;1970;170000
62;0;114000
65;0;125000
85;0;600
70;0;290
39;0;75000
150;0;1500
45;2010;81000
70;0;400
54;0;118000
70;0;108900
94;0;145000
43;0;87000
102;1969;170000
41;0;110000
51;0;140000
79;0;175000
83;1950;90000
54;0;118000
55;0;245000
96;0;650
91;0;189000
113;0;260000
112;0;399000
97;0;215000
140;0;2800
200;0;4000
56;0;450
200;0;4000
72;0;110000
100;0;2000
75;2003;110000
140;0;2800
75;0;119000
64;0;126000
125;0;2500
125;0;2500
140;0;2800
170;0;3400
140;0;2800
200;0;4000
81;0;800
80;0;650
370;0;7400
115;0;207000
170;0;3400
167;0;1900
48;1972;56500
42;2021;76500
41;0;260
38;0;270
48;0;450
55;0;300
57;2016;129000
59;0;450
45;0;400
163;0;449900
100;0;279900
68;0;89900
150;0;280000
81;0;700
72;2021;146520
49;2021;102472
39;2021;81510
88;0;139900
89;2021;181603
50;0;450
102;1969;170000
400;0;0
51;0;140000
35;0;200
79;0;175000
60;0;112000
79;0;125000
41;0;110000
60;0;119000
68;0;145000
55;0;245000
71;0;100000
94;0;145000
41;0;73900
70;0;108900
54;0;118000
100;0;250000
52;0;550
40;0;280
63;0;171000
45;2010;81000
34;0;67000
132;2006;170000
60;0;108000
49;2008;85000
62;0;65000
72;0;110000
70;1980;81000
77;0;90000
80;0;98000
47;0;75000
75;2003;110000
88;2015;242000
84;2003;140000
242;2021;943800
122;0;290000
262;0;2700
274;2006;850000
195;1936;800000
196;2007;450800
175;1990;297000
57;0;750
75;2010;121000
70;0;154000
66;2002;95000
70;0;750
43;0;42000
50;0;500
70;0;700
27;1991;28000
110;0;110000
88;2015;242000
55;1994;58000
62;2009;114000
65;2021;136500
95;2018;270000
62;0;120000
17;0;300
120;2004;240000
147;1995;2300
219;2021;854100
34;2018;69900
34;2018;69900
236;2012;3000
68;1976;82000
68;2016;156000
67;2021;140700
154;0;250000
69;1938;92000
65;1990;123000
69;1980;106500
34;2022;74400
71;1975;100000
70;1975;102000
72;2020;92000
61;2007;155000
70;1970;135000
80;2008;170000
75;1970;102000
79;2020;220888
80;0;650
79;2021;224888
81;2020;219888
80;2018;244888
81;2018;225888
77;1975;139000
66;1958;600
79;2022;157640
80;2020;191500
70;1977;68000
81;2018;227888
82;2018;240888
65;1975;111000
90;0;240000
82;2018;255888
64;0;135000
64;0;135000
82;2020;208690
72;1976;108900
67;1935;199000
87;0;800
132;0;304600
74;0;139000
30;2010;250
76;0;155000
79;2020;218888
76;0;190000
55;0;500
98;0;180000
90;0;85000
81;0;105000
134;0;150000
175;2015;459000
95;0;211000
122;0;300000
89;2009;235000
98;1970;170000
62;0;114000
120;2015;264000
115;0;207000
65;0;125000
67;2020;138850
58;0;139730
89;2009;950
114;0;314430
50;0;115940
72;0;182690
31;0;34000
66;2018;83000
72;0;182690
86;0;154800
82;1935;177000
139;2021;290850
87;0;0
173;1974;163000
70;1958;140000
68;2015;85000
79;2020;142200
72;2021;136080
42;0;47000
221;0;552500
55;0;350
67;0;180
135;2011;750
82;2018;249888
65;0;87000
39;0;100000
71;0;106000
80;0;104000
45;0;47000
38;0;58000
76;0;95000
280;0;0
38;0;79000
67;0;700
78;0;320
53;0;550
200;0;4000
270;0;2500
92;0;1750
270;0;2500
200;0;2500
33;0;220
180;0;1500
52;0;67000
87;0;0
55;0;75000
75;0;119000
50;0;250
92;2021;184000
67;0;550
72;2021;124900
72;2021;124900
108;0;255000
109;2008;199000
17;0;57000
75;1997;83000
90;2021;180000
88;2021;176000
21;0;29000
65;0;93500
33;0;79000
23;0;78000
27;0;32640
211;0;460000
20;0;72000
119;0;299900
17;0;57000
83;0;285000
109;0;250000
147;0;360000
23;0;78000
27;0;32640
51;0;113600
153;0;450000
125;0;2300
94;1990;94000
58;1939;125000
45;0;400
137;0;180000
70;0;950
100;0;279900
90;1955;170000
107;0;900
73;2020;135000
96;0;180000
86;0;120000
170;2007;450000
107;2011;160000
89;0;209150
92;0;165000
98;1987;108000
73;0;159900
84;2020;81600
86;0;155000
143;2010;500000
109;0;280000
105;1922;169000
108;0;280000
104;0;350000
96;2010;180000
113;2018;260000
49;0;123350
93;0;220000
120;0;240000
69;0;62000
99;1990;120000
133;2007;130000
152;0;210000
100;0;65000
85;2019;135500
129;0;140000
89;0;134500
100;1986;195000
78;0;215000
45;0;400
120;0;330000
107;0;265000
40;0;300
28;0;79900
28;0;0
105;0;550
94;0;900
140;0;308000
17;0;25000
75;2013;142000
41;0;400
96;2010;180000
27;0;79900
62;1987;79000
31;2018;47000
72;1935;135000
30;0;39500
83;0;105000
77;0;93000
114;1930;299000
72;0;138000
81;0;74000
81;0;74000
70;0;85000
81;0;74000
100;0;500
72;0;138000
72;0;138000
72;0;138000
81;0;74000
73;0;135000
100;0;800
75;0;300000
75;1995;80000
80;0;450
75;0;110000
61;2020;129000
73;0;95000
68;0;79000
81;0;89500
80;0;190000
55;1962;130000
144;1929;580000
36;1980;87000
43;1978;54900
35;0;150
35;2019;500
61;2020;115900
65;2019;650
43;2015;68900
45;0;55000
25;0;69000
41;2019;78900
27;0;79900
25;0;200
70;0;111900
104;0;350000
162;1945;285000
93;0;220000
100;0;279900
170;2007;450000
90;1955;170000
105;0;550
153;0;450000
75;1995;80000
70;0;950
33;0;79000
211;0;460000
119;0;299900
20;0;72000
83;0;285000
80;0;80000
147;0;360000
109;0;250000
109;0;250000
80;0;80000
102;0;180000
65;0;500
52;0;350
42;0;53500
36;0;86900
55;0;125000
42;0;82000
92;2021;184000
95;0;209000
75;0;130000
52;0;59500
76;0;73000
66;0;109000
65;0;124000
47;0;79900
73;0;130000
55;0;75000
62;0;150000
62;0;153450
66;0;107500
17;0;57000
62;0;95000
57;0;131100
50;0;380
45;0;300
55;0;350
50;0;380
55;0;450
120;0;650
58;0;68000
141;0;1700
74;0;350
62;0;200
70;0;450
73;0;130000
50;0;108000
55;0;66500
66;0;150000
52;0;74000
48;0;130000
172;2008;350000
60;0;77000
58;0;125000
50;0;500
53;0;79000
53;0;300
57;0;135000
45;0;350
86;0;235000
125;0;2500
42;0;47000
53;0;110700
135;2011;750
56;0;54000
221;0;552500
67;0;180
38;0;79000
39;0;100000
45;0;47000
65;0;87000
38;0;58000
80;0;104000
200;0;4000
260;0;3500
280;0;0
120;0;2000
250;0;2300
92;0;1750
209;0;2200
200;0;2500
150;0;3000
270;0;2500
180;0;1500
47;0;450
33;0;220
67;0;700
270;0;2500
78;0;320
92;0;1750
53;0;550
55;0;92000
39;0;74568
0;0;110000
0;0;110000
250;0;2300
200;0;4000
280;0;0
260;0;3500
270;0;2500
120;0;2000
200;0;2500
180;0;1500
150;0;3000
209;0;2200
47;0;450
47;0;450
67;0;700
53;0;550
87;0;0
270;0;2500
270;0;2500
92;0;1750
55;0;92000
39;0;74568
0;0;110000
0;0;110000
120;0;2000
92;0;1750
45;2015;500
50;0;500
70;0;700
200;0;4000
45;2015;500
50;0;500
200;0;4000
141;0;250000
17;0;300
49;0;122000
35;0;61200
46;1965;124000
110;0;132000
37;1970;30000
17;0;300
82;0;220000
62;1927;119000
43;0;73880
52;0;550
40;0;280
89;2009;950
50;0;330
89;2009;235000
98;1970;170000
62;0;114000
30;2010;250
120;0;1100
63;0;80000
84;2003;140000
72;0;110000
70;1980;81000
70;1977;68000
110;0;110000
60;0;108000
132;2006;170000
88;2015;242000
62;0;65000
98;0;180000
175;2015;459000
81;0;105000
122;0;300000
122;0;330000
121;2001;135000
77;2008;77000
99;1894;124000
40;0;49900
72;2010;108000
90;2000;110000
180;0;290000
63;2007;80000
106;1974;120000
120;0;115000
109;0;180000
90;2001;87000
237;0;560000
210;0;338900
88;2015;242000
400;0;1200000
130;1970;145000
153;2006;290000
147;0;260000
80;1930;164900
234;2000;305000
92;0;148000
380;2014;700000
90;0;85000
86;0;94600
380;2014;700000
62;1987;79000
95;0;211000
137;0;254000
77;0;93000
55;1962;130000
81;0;74000
144;1929;580000
81;0;74000
80;0;190000
71;0;141960
76;1985;59500
69;1970;140000
68;0;79000
83;0;700
70;0;950
66;0;131700
82;0;500
83;0;700
69;1970;140000
71;2017;70000
83;0;700
80;1992;105000
66;0;131700
71;0;141960
71;0;141960
66;0;131700
66;0;131700
77;0;120000
71;0;141960
71;0;141960
81;0;97000
84;0;450
72;0;146000
81;0;97000
49;0;123350
75;0;153000
81;0;97000
63;0;63000
72;0;146000
66;0;350
72;0;146000
72;0;146000
45;2007;45000
80;0;105000
85;2006;160000
65;0;109500
63;0;63000
81;0;97000
80;0;105000
80;0;190000
80;0;105000
69;0;99500
80;0;105000
63;0;63000
75;0;128000
69;1970;140000
69;0;99500
90;0;400
69;0;99500
75;1995;80000
69;2018;99500
76;0;153000
70;0;111900
75;1995;80000
72;0;138000
75;1995;80000
81;0;74000
72;0;138000
72;0;138000
80;0;190000
100;0;800
90;0;180000
80;0;450
272;2011;750000
63;0;63000
85;0;350
72;0;138000
75;0;500
83;1991;129900
54;0;99900
85;0;850
60;0;550
86;0;70000
102;1948;0
70;0;700
109;0;199000
94;0;110000
64;0;93000
60;1926;105000
88;0;135000
214;2018;3500
69;0;109000
75;2020;175000
75;0;171300
82;1995;149500
46;0;65000
57;2016;37000
60;0;172000
80;0;190000
85;0;180000
72;2020;187876
74;0;96500
78;2020;203918
97;0;219900
150;0;299000
100;0;500
95;0;133000
66;0;139900
86;1984;108000
60;0;500
54;0;78000
70;0;700
103;0;1400
81;0;74000
70;0;120000
65;0;500
209;0;2200
50;0;500
200;0;4000
100;0;500
82;0;110000
101;0;1500
96;2001;650
54;1956;105000
70;0;140000
115;0;300000
67;0;500
63;0;145000
73;1989;130000
115;0;1000
28;0;95000
68;1968;68000
107;0;1100
190;0;800000
36;0;36000
70;1932;200000
67;1938;220000
100;0;170000
51;0;350
90;0;180000
80;0;140000
76;1985;59500
70;0;950
69;1970;140000
50;0;260
100;0;105000
83;0;700
73;0;135000
82;0;500
75;0;110000
75;1995;80000
68;0;250
81;0;89500
83;0;105000
61;2020;129000
75;0;300000
73;0;95000
81;0;74000
35;0;150
36;1980;87000
70;0;85000
35;2019;500
65;2019;650
91;0;277000
62;0;105000
43;1978;54900
57;0;84900
41;2019;78900
61;2020;115900
72;1935;135000
96;0;180000
85;0;600
45;0;55000
70;0;160000
70;1994;145000
99;0;265000
87;0;139500
39;0;42000
75;0;171300
44;0;35000
37;0;33000
50;0;37000
84;0;700
72;0;135900
50;0;24000
77;0;116000
108;1985;145000
170;0;314500
32;2020;76800
120;0;329000
55;2020;165888
85;0;500
84;0;205000
150;0;1000
75;0;900
76;0;145500
75;0;600
40;1978;66500
51;0;400
35;0;79000
72;0;122500
51;0;77000
46;0;95000
78;0;480
53;0;116600
74;0;163328
72;0;158642
54;0;97000
54;0;60000
41;0;300
100;0;220000
50;0;350
70;0;500
76;0;155000
83;2003;209000
83;0;700
63;0;96000
62;0;65000
52;0;55000
158;0;280000
72;0;144240
55;0;57000
73;0;75000
53;0;106740
97;0;194920
83;2018;94000
43;2015;68900
31;0;24500
100;0;540
39;0;41000
50;0;100000
45;0;47000
67;0;370
51;0;110000
47;0;152000
52;0;54000
97;0;214412
62;0;65000
55;0;57000
107;0;1000
35;0;49500
49;0;51000
71;0;450
60;0;42000
65;0;73000
76;0;115000
45;0;180
39;0;41000
49;0;51000
65;0;79000
69;2012;200000
45;0;47000
103;0;355000
75;0;69000
60;0;600
52;0;54000
40;0;46000
42;2017;45000
80;0;300
70;2008;120000
49;0;135000
45;0;94000
48;0;63360
147;0;324346
50;0;110242
135;0;550000
145;0;319814
34;0;300
63;0;65000
54;0;60000
52;0;95000
72;0;122500
90;0;247500
85;0;221000
103;0;750
60;0;63000
92;0;105000
87;0;100000
68;0;76500
91;0;210000
88;0;194000
103;0;205000
50;2011;390
64;2021;133446
61;2021;126550
54;2021;89826
66;0;109000
30;0;75000
76;0;593888
55;1972;130000
78;0;135000
71;0;106000
58;2002;57000
200;0;600
105;0;750
34;2019;28900
42;0;32000
54;0;35000
40;0;29500
69;0;25000
135;0;850
39;0;36000
151;0;1500
92;0;148000
65;0;29000
136;0;611888
100;0;850
38;0;24500
111;0;332888
65;0;260
81;0;350
85;0;65000
91;0;400
39;2018;37050
75;0;175000
109;0;199000
97;0;219900
214;2018;3500
60;1926;105000
69;0;109000
91;0;277000
62;1987;79000
113;2009;210000
80;0;300
30;0;39500
36;0;38000
42;2017;45000
114;1930;299000
25;0;69000
100;0;195000
31;2018;47000
24;0;21600
162;1945;285000
25;0;200
49;0;51000
27;0;79900
65;2005;86000
80;0;110000
107;2014;270000
110;0;350000
80;0;184000
45;0;47000
52;0;54000
51;0;110000
55;0;57000
62;0;65000
88;0;135000
131;0;288860
56;0;86900
38;0;43000
28;0;32200
44;0;60500
49;0;51000
120;0;1400
91;0;500
60;0;42000
60;0;172000
54;0;65000
63;0;450
38;0;43000
51;0;86700
85;0;204000
71;0;140000
83;0;520
42;0;250
52;2020;52000
139;2018;280000
95;0;180000
82;0;151000
63;0;59500
43;0;320
107;0;1000
35;0;49500
58;0;60000
40;0;46000
71;0;450
60;0;400
65;0;73000
60;0;42000
49;0;51000
79;0;104750
65;0;73000
75;0;69000
45;0;47000
39;0;41000
76;0;115000
60;0;400
65;0;79000
103;0;355000
60;0;600
69;2012;200000
42;2017;45000
100;0;540
39;0;41000
100;0;195000
45;0;47000
52;0;54000
80;0;300
45;0;180
45;0;94000
70;2008;120000
49;0;135000
52;0;95000
60;0;63000
48;0;63360
67;0;370
62;0;65000
55;0;57000
52;0;55000
148;0;418000
50;0;44000
55;0;93500
55;0;93500
115;0;245000
104;1980;87000
87;0;228000
39;2006;55000
120;0;135000
32;2015;100000
100;2015;250000
94;2003;179000
54;0;57000
62;2016;111600
52;2013;39000
96;1986;194900
41;2007;51000
35;1967;97000
44;0;43000
106;1970;135000
40;0;79000
31;0;105000
76;1980;99900
52;0;54000
51;0;110000
62;0;65000
56;1986;45000
60;0;400
83;0;520
26;0;38500
31;0;105000
60;0;42000
139;2018;280000
65;0;400
60;0;700
30;0;34500
74;0;400
75;0;69000
197;0;430000
73;0;500
63;0;95000
37;0;220
63;0;138000
52;0;54000
75;0;155000
94;0;1100
108;0;194999
75;0;173500
49;0;51000
38;0;43000
47;0;129000
56;0;86900
44;0;60500
28;0;32200
26;0;38500
93;1937;250000
60;0;172000
24;0;21600
54;0;65000
63;0;450
51;0;86700
85;0;204000
71;0;140000
83;0;520
52;2020;52000
58;0;60000
42;0;250
43;0;320
120;0;1400
63;0;59500
47;0;129000
107;0;1000
91;0;500
38;0;43000
40;0;46000
54;0;280
48;0;43500
24;0;24500
60;0;650
24;0;29500
35;0;49500
55;0;57000
62;0;102000
75;0;176700
28;0;69100
102;2020;240000
61;0;62220
74;0;155000
36;0;36720
54;0;78000
78;0;154000
36;0;36720
91;0;135000
38;0;300
90;0;650
36;0;36720
158;0;280000
110;0;550
65;0;73000
72;0;135000
60;0;76000
82;0;151000
24;0;40000
60;0;71000
26;0;38500
82;0;78000
84;1990;70500
24;0;24500
52;0;82000
78;0;66300
25;0;24500
60;0;550
61;0;125500
31;0;28000
95;0;180000
25;0;24500
60;0;650
61;0;62220
24;0;29500
110;0;550
49;0;42000
72;0;135000
56;0;450
84;1990;70500
51;2021;65637
61;0;125500
24;0;40000
36;0;36720
79;2014;138000
62;0;112000
82;0;78000
82;0;78000
52;0;82000
24;0;24500
48;0;43500
51;2021;65637
31;0;28000
49;0;42000
25;0;24500
39;0;41000
53;0;55000
83;0;79000
24;0;24500
52;0;54000
53;0;55000
39;0;41000
24;0;24500
60;0;71000
50;0;93000
48;0;130000
54;0;280
62;0;700
60;0;76000
74;0;400
60;0;700
65;0;400
63;0;95000
30;0;34500
73;0;500
49;0;51000
71;0;450
60;0;42000
65;0;73000
75;0;69000
75;0;69000
78;0;66300
74;0;155000
79;2014;138000
105;1936;178400
60;0;650
70;0;112000
47;0;44655
60;0;550
77;0;80000
90;0;650
26;2021;52000
40;0;61000
36;0;54900
52;0;54000
46;0;41400
48;0;37500
49;2021;93100
60;2000;185000
59;0;145600
61;1974;88000
58;0;88500
43;2018;350
45;0;100000
100;0;300000
81;0;184000
57;0;113000
39;0;53000
62;0;125000
66;2021;106900
66;2021;106900
64;2019;115200
41;2019;69900
27;0;67500
87;0;230000
75;0;440
40;0;61000
49;0;68000
75;0;55700
56;0;74500
110;0;79700
38;0;93000
43;0;320
88;0;209000
50;0;125000
30;0;39500
120;0;1600
63;0;36000
127;0;900
57;0;75000
27;0;68000
70;0;390
47;0;95000
56;2019;1000
79;0;147000
61;0;54900
60;0;115000
95;0;800
57;0;113000
44;0;94000
55;0;500
39;0;39500
80;0;110000
223;2005;350000
160;0;135000
42;0;110000
133;0;700
27;0;79000
65;0;67000
83;0;79000
81;0;137000
67;0;114900
216;2009;460000
67;0;150000
115;0;139000
44;0;78000
92;2008;220000
47;0;62500
86;0;112000
122;0;164700
108;0;270000
56;0;450
145;0;355000
106;2017;222285
94;3017;206272
125;0;650
82;2007;240000
92;0;238621
31;0;47000
82;0;149000
91;0;145000
42;0;450
32;0;105000
97;0;300000
35;0;104900
35;0;115500
38;0;52000
47;0;52000
42;0;35000
45;0;64900
33;0;75000
48;0;105000
53;0;79900
160;0;290000
51;0;78000
41;0;68918
45;0;100000
37;0;75000
38;0;300
39;0;89700
47;0;60000
33;0;350
41;0;52000
36;0;89000
75;0;200000
42;0;450
40;0;41000
42;0;450
32;0;39000
91;1950;240000
32;0;400
111;0;111000
92;0;237535
95;0;245859
47;0;350
24;0;28000
32;0;70000
22;0;45000
32;0;400
27;0;0
48;0;130000
34;0;69900
29;0;15000
35;0;46000
31;0;31000
28;0;73000
32;0;57700
47;0;100000
90;0;800
120;0;600
120;0;800
85;0;700
100;0;900
118;0;400
115;0;800
39;0;85000
50;0;59000
250;0;1300
135;0;1200
103;0;1400
92;0;600
91;0;1800
120;0;650
18;0;250
91;0;600
23;2015;38000
90;0;600
165;0;1200
122;0;313800
65;0;450
56;1982;107000
221;0;795600
63;1939;109000
114;1938;299000
39;0;85000
142;2001;171000
43;0;93000
130;0;360000
157;0;549500
115;0;299000
150;0;520000
94;0;180000
152;0;329000
27;0;79000
118;0;1600
115;0;1000
115;0;280000
110;0;1100
68;0;145000
94;0;155000
107;0;295405
94;2005;180000
168;0;461615
23;0;200
135;0;243000
125;0;449000
135;0;900
70;0;650
97;0;290000
145;0;279999
82;0;149000
108;0;120000
27;2020;30000
60;0;500
46;0;500
58;0;400
65;0;400
28;0;62000
60;0;450
70;0;500
70;0;700
70;0;700
62;0;112000
60;0;550
67;0;350
25;0;62900
65;0;500
37;0;40000
56;1980;65000
174;0;350000
53;1980;135000
85;2004;190000
46;1972;42000
71;2012;60000
70;1932;100000
58;0;450
56;0;250
125;0;179900
60;0;230
87;1935;179000
83;0;180000
96;0;139200
117;2018;280800
113;0;750
75;1938;200000
75;0;350
139;2018;280000
91;1962;223000
50;0;400
74;0;139900
86;0;155000
21;0;49900
120;2001;330000
119;0;175000
81;0;125000
85;2004;190000
82;2014;145000
97;0;215000
133;1911;429000
60;0;480
168;0;461615
94;0;247881
70;0;650
155;0;440000
108;0;120000
103;0;650
124;0;225000
90;0;195000
83;0;136950
83;0;171900
108;0;850
118;0;152000
95;0;148000
120;0;340000
120;0;800
70;0;350
61;1940;110000
106;0;550
45;0;400
160;0;1500
56;0;450
35;1968;69500
54;0;70000
51;0;49900
50;0;200
172;0;3300
64;1980;139000
105;2009;1200
60;0;200
120;0;1800
61;0;480
170;0;3500
81;0;800
60;0;450
50;0;450
134;0;1000
92;0;800
93;0;1200
60;0;450
66;0;800
57;0;800
56;0;400
88;0;150000
75;0;89000
57;0;185000
63;0;111268
56;0;225000
60;0;106212
74;0;148000
55;0;55000
80;0;650
120;0;280000
106;0;330000
55;0;56900
40;0;44990
91;0;153000
99;1971;265000
53;0;700
55;0;165000
77;0;129000
49;0;450
36;0;2200
75;0;150000
72;0;150000
169;0;2800
68;0;121400
70;0;131000
72;0;118000
64;0;140000
58;2020;99500
71;0;122900
75;0;112000
72;0;130000
70;0;87000
65;0;131000
43;0;320
67;0;142800
64;0;700
51;0;210
190;0;1100
64;0;165500
300;0;2000
62;0;550
67;1967;134000
35;0;400
76;0;1100
109;0;290000
140;0;330000
35;0;69500
56;0;78000
260;0;0
150;0;1200
50;0;500
66;0;149900
90;1939;210000
86;0;210000
29;0;270
60;0;650
197;0;430000
83;0;76000
86;0;210000
70;0;300
41;0;85000
50;0;500
60;0;430
90;1939;210000
70;0;550
50;0;85000
32;0;350
55;0;83000
55;2015;400
91;0;250000
65;0;500
48;0;130000
65;0;174000
78;0;80000
44;2017;350
72;0;135000
50;0;500
95;0;115000
96;0;200000
160;0;249000
90;0;207000
56;0;600
62;0;160000
20;0;150
115;0;179000
39;0;48000
135;0;850
170;0;2300
99;0;225000
42;0;56000
61;0;400
44;0;63800
48;0;65000
92;0;165000
68;2020;74800
66;2019;72600
63;0;112000
84;0;450
72;0;65000
66;0;158000
75;0;114000
71;1986;63500
75;1978;115000
77;0;115900
75;0;119000
77;0;115900
75;1978;115000
77;0;115900
66;0;100000
53;2017;79500
77;0;115900
65;0;159000
65;0;159000
65;0;159000
66;0;158000
72;0;65000
66;0;158000
70;0;400
66;0;158000
75;0;114000
72;0;84900
62;0;75000
72;0;84900
72;0;120000
75;0;114000
72;0;84900
62;1934;135000
72;0;84900
72;0;120000
77;0;185000
62;1934;135000
62;1934;135000
72;0;65000
67;0;120000
66;0;80000
62;1934;135000
72;0;120000
66;0;80000
66;0;80000
77;0;185000
60;0;129900
82;2005;131900
77;0;185000
74;0;151000
59;0;500
59;0;500
63;0;112000
77;0;185000
63;0;79000
66;2019;72600
72;0;120000
55;2020;116200
66;0;80000
59;0;500
55;2020;116200
59;0;500
70;0;79900
50;0;75000
63;0;112000
70;0;99900
43;0;87000
68;2020;74800
56;0;500
81;0;195000
65;2020;71500
75;0;114000
97;1990;119000
55;0;72000
68;2020;74800
76;2014;400
94;0;179900
103;0;145000
78;0;156000
54;2008;49900
70;1975;140000
65;0;79500
65;0;125000
76;0;73000
58;0;116000
60;0;400
120;0;850
66;2019;72600
58;1997;104500
59;1981;75000
48;1940;96000
78;0;119000
73;0;159900
72;0;65000
90;1840;198000
135;0;399000
55;1980;85000
96;0;185000
180;2016;220000
54;2008;48500
85;0;129900
113;2020;260000
20;0;220
82;2020;180400
145;0;135000
61;0;55000
82;2020;180400
82;0;172200
82;0;172200
65;0;159000
65;2020;71500
82;2020;180400
75;1978;115000
65;0;125000
59;2017;79000
75;0;119000
82;2020;180400
71;0;99400
40;0;45000
60;0;68000
61;0;400
58;0;75000
71;2012;99000
122;2019;366000
76;0;99990
119;2018;330888
100;0;310000
49;0;450
80;0;97000
90;2011;215000
88;0;194128
67;2019;80350
96;1919;180000
104;0;99000
81;0;97900
59;1956;160000
84;0;90000
84;0;198000
74;2008;136900
74;0;147000
75;0;225000
54;1955;78000
70;0;210000
85;0;670
75;0;225000
75;0;69000
82;2020;180400
100;0;130000
84;0;199000
67;0;280
79;0;156420
113;0;265000
57;0;108000
90;1939;1200
96;0;72000
40;0;350
72;2019;1000
105;2008;1900
69;0;1700
120;0;280000
62;0;137214
111;1990;138000
60;0;350
30;0;170
45;0;500
62;1970;118000
56;0;59600
78;0;107500
70;0;800
79;0;135000
55;0;600
90;0;1200
128;2020;1500
80;0;900
50;0;550
40;0;450
48;0;73000
122;0;252000
90;0;1800
57;0;750
69;0;145000
84;1939;250000
35;0;54000
85;0;550
100;0;279900
70;0;600
90;0;650
85;0;750
97;0;1400
43;2012;105000
60;0;82000
103;0;900
74;2008;136900
127;2020;349250
58;2016;190000
145;0;2000
55;0;55000
120;0;102000
78;0;250000
80;1930;200000
110;0;315888
205;2019;600000
102;2019;330000
63;0;650
94;1950;184000
84;0;178600
55;0;600
43;0;85000
112;2019;375000
112;2019;385000
100;0;150000
94;0;206272
85;2019;212500
91;2019;227500
81;2019;174150
88;0;66000
75;0;102000
68;2019;139500
86;0;173340
92;0;230000
109;0;299000
100;0;1090
91;0;170000
60;2018;72000
73;2018;124100
41;0;78900
53;0;88000
65;0;500
50;0;65000
54;0;115000
56;0;105000
41;0;78900
48;0;89500
77;0;122000
62;0;135000
60;1939;80000
61;2019;67980
56;0;750
70;0;84000
60;0;550
71;0;450
67;0;84800
56;2010;73000
77;0;83000
49;0;70000
61;0;95000
60;0;99000
78;0;107500
67;0;89500
79;0;135000
56;0;59600
62;1970;118000
64;0;81600
50;0;65000
49;0;69000
40;0;500
70;0;800
101;0;1350
62;0;76000
57;0;86000
75;1978;115000
58;0;70000
60;0;144900
60;0;200
40;0;92000
64;0;81600
42;0;21500
48;0;93000
28;0;17000
48;1974;69900
58;1997;104500
55;0;590
38;0;16000
109;0;230000
50;0;800
100;0;75000
70;0;1000
51;0;250
72;0;118000
100;0;780
67;0;320
50;0;400
70;0;120000
45;0;43000
58;0;290
24;0;21000
55;0;590
75;0;600
67;0;118900
28;0;270
125;0;750
55;0;400
70;0;450
62;0;280
95;0;800
80;0;600
92;0;900
80;0;450
70;0;500
55;0;350
75;0;500
80;0;400
62;2016;111600
127;0;380000
138;2010;290000
17;0;170
125;0;1000
98;0;235000
75;0;500
65;0;350
95;0;230000
60;0;450
89;0;215000
76;0;155000
110;0;210000
73;0;184800
63;0;85000
60;0;105000
50;0;84000
92;2020;2350
40;0;390
52;0;550
130;0;800
74;1992;550
61;0;54900
65;0;92000
56;0;50400
82;0;105000
25;0;50000
40;0;88000
34;0;35500
35;0;32000
100;0;900
58;0;116000
58;0;115000
65;2002;159000
57;0;54155
85;0;159000
50;0;350
32;0;32000
46;0;61000
40;0;400
53;0;47700
66;0;148000
40;0;88000
25;0;200
46;2021;43700
150;0;298708
48;2021;45600
29;2021;29000
67;0;140700
58;0;550
70;0;95000
160;0;900
66;0;111000
50;0;500
105;0;283500
64;2021;60800
84;0;100000
45;0;44000
71;2004;60000
79;0;213300
91;0;155000
55;0;48000
48;0;48000
66;0;150000
51;0;115000
70;0;500
50;0;50000
54;0;171888
49;0;49000
98;0;883888
47;0;51700
55;0;61500
68;0;210888
77;0;110000
50;0;50000
123;0;282900
93;0;178000
60;0;66000
40;0;66000
48;0;52800
42;0;300
68;0;74800
48;0;52800
48;0;52800
33;0;36300
65;0;71500
54;0;152888
79;0;190914
132;0;318980
57;0;650
62;0;91000
78;0;189582
42;0;41580
31;0;30690
52;0;51480
91;0;220268
132;0;319488
40;0;48000
40;0;31200
30;0;105000
30;0;36000
33;0;32670
51;0;50500
101;0;1350
49;0;46760
67;0;191888
122;0;201300
70;0;95000
74;0;185000
64;0;92000
50;0;75000
112;2020;350000
73;0;607888
68;0;132000
46;2021;44650
29;2021;29000
51;0;107000
29;2021;29000
34;0;53000
79;0;213300
74;0;185000
74;0;145000
70;0;900
63;2021;59850
53;0;47700
60;0;112000
25;0;50000
58;0;116000
89;0;83000
100;0;100000
65;0;143000
65;0;143000
68;0;96000
41;0;52900
85;0;850
40;0;84000
65;0;136500
40;0;300
53;2020;123000
35;0;37000
82;2007;127000
40;0;38000
78;0;142500
47;2020;61100
53;0;255000
35;0;400
55;0;54000
25;0;42900
61;0;54900
23;0;35000
83;0;680
76;0;85000
62;0;55800
35;0;33000
55;2019;125000
45;0;121500
100;0;199000
126;0;277244
27;0;64000
25;0;22000
44;2020;88000
72;0;159000
89;0;340000
45;0;44550
120;0;80000
50;0;108000
24;0;59999
97;0;215600
37;0;51000
51;0;67000
79;0;160000
45;2003;44900
98;0;215600
46;0;109900
56;0;210000
62;0;111600
120;0;80000
55;0;55000
67;0;122000
31;0;92000
46;2021;43700
80;0;160000
96;0;139200
38;0;85000
51;2020;122000
50;0;50000
40;0;48000
68;0;75000
220;0;425000
123;0;208000
60;0;37000
79;0;210000
63;0;67300
58;0;115000
102;0;240000
88;0;136400
50;0;50000
79;0;128000
70;0;150000
60;0;69000
105;0;260000
70;0;450
92;0;198000
70;0;85000
59;0;54000
111;2001;194000
58;0;155000
70;0;600
37;0;49950
32;0;63000
44;0;59400
36;0;48600
49;0;66150
49;0;66150
85;0;800
32;0;43200
36;0;31000
53;0;54000
50;0;96000
54;0;72900
115;0;300000
135;0;594000
98;0;245000
23;0;31050
36;0;48600
37;0;49950
93;0;850
132;0;1200
44;0;59400
39;0;52650
36;0;48600
97;0;242500
49;0;66150
38;0;51300
41;0;55350
37;0;49950
123;0;285000
20;0;18000
86;0;129000
40;0;45000
50;0;150000
111;2001;194000
70;0;600
80;0;191500
66;0;70000
40;0;49900
42;0;38000
37;0;49950
112;0;300000
74;1990;149000
84;2020;199900
39;0;52650
110;2001;190000
63;0;75000
79;0;237000
55;2020;800
50;0;93000
63;0;109500
34;0;45900
62;0;135000
87;0;280000
70;0;69000
62;0;78000
50;0;65000
108;0;280000
32;0;34000
54;0;105000
65;0;64530
47;0;58325
59;0;73400
42;0;52500
60;0;250
55;0;161888
57;0;137500
54;0;79000
123;0;373888
24;0;59000
44;0;59400
55;0;176888
94;2013;216200
66;0;500
55;0;112200
43;0;56000
113;1973;265000
72;0;137700
125;2001;181000
70;0;600
74;0;170940
47;0;95000
127;0;349350
79;0;191180
25;0;74900
64;0;147900
104;0;240240
73;1941;159900
148;0;266400
66;0;125000
90;2020;1800
92;1928;89000
57;0;650
132;0;318980
62;1993;95800
70;0;229000
54;2018;67500
87;0;129000
74;1992;550
72;0;1790
92;0;2350
85;0;1790
85;0;85000
65;1975;105000
95;2020;2350
47;0;250
100;0;125000
92;2020;2350
96;0;1790
50;0;1950
89;0;2350
40;0;300
93;0;232500
35;0;400
50;0;500
82;0;600
110;0;210000
350;0;60
62;0;112000
89;0;215000
60;0;75000
65;0;112000
86;0;96000
53;0;51000
87;0;158000
81;0;110000
71;0;140000
61;0;135000
82;0;82000
50;2022;99780
69;0;190000
41;2022;82700
98;0;235000
43;2022;85020
57;2020;580
96;0;120000
68;2009;500
56;0;350
55;2023;176888
56;0;151200
130;0;325000
120;0;500
81;0;400
100;0;1000
77;0;200000
78;0;142500
75;0;550
86;0;650
106;0;1000
108;0;850
100;0;700
95;2020;2350
63;0;350
100;0;780
55;0;340
90;0;850
56;0;1000
50;0;550
50;0;500
37;0;60000
51;0;41000
34;0;13500
50;0;500
30;0;35000
79;0;51000
38;0;16000
90;0;1800
63;0;79000
53;2014;57900
58;0;300
63;0;81600
71;0;104900
60;1939;80000
71;0;450
56;2010;73000
71;1986;63500
75;1978;115000
75;0;119000
77;0;115900
77;0;115900
47;0;50000
60;0;47000
57;0;130000
53;0;112900
47;0;86700
72;0;129000
75;0;129900
96;0;240000
72;0;129000
66;0;170500
53;0;90000
85;0;153000
62;0;135000
114;0;205200
51;0;0
117;0;196000
80;0;1000
27;0;300
70;0;152000
55;0;600
182;0;1800
75;0;128000
47;0;250
72;0;118000
71;0;135000
49;0;117000
51;0;109000
64;0;272888
38;0;92000
75;0;130000
46;0;99000
43;0;115000
60;0;115000
57;0;450
60;0;700
59;0;115000
130;0;1100
44;0;370
78;0;99000
48;0;98500
56;0;158000
53;0;700
88;0;1400
220;0;2800
81;0;800
65;0;450
62;0;700
62;0;112000
83;0;550
70;0;750
75;0;800
58;0;700
45;0;380
70;0;600
69;0;102000
53;2007;53000
53;0;250
56;2021;89600
70;0;600
80;0;119000
40;0;400
115;0;240000
54;0;153888
75;2009;145000
39;1975;41000
124;2018;2300
180;0;2500
187;0;2200
117;0;245000
157;2017;270000
152;2010;208000
120;0;800
71;2018;84636
85;2020;196442
155;1938;1000
57;0;700
57;0;1100
100;0;850
64;0;300
116;0;1000
100;0;600
300;0;2500
60;0;450
57;0;750
45;0;400
55;0;450
55;0;550
45;0;400
80;0;900
115;0;650
53;0;300
60;0;500
52;0;400
45;0;500
64;0;360
55;0;400
38;0;400
51;0;450
42;0;370
50;0;400
50;0;800
48;0;400
62;0;600
62;0;950
65;0;390
50;0;400
51;0;250
55;0;600
56;0;600
40;0;400
62;0;700
51;0;550
25;0;0
45;0;300
55;0;700
57;0;750
124;2020;347200
103;0;212000
43;0;350
123;2011;295000
122;1930;1000
111;0;359000
137;0;550000
99;0;229000
116;0;324800
160;0;1600
162;0;2500
55;0;137000
48;0;400
28;0;33000
35;0;79000
33;0;31000
163;0;489000
110;0;97000
54;0;100000
117;0;160000
65;2017;122000
57;2010;136000
18;0;56000
105;0;145000
112;0;385000
70;0;400
96;1982;139200
25;0;200
350;0;300
28;0;73000
97;0;215000
141;0;435000
73;0;390000
35;0;96900
38;0;51900
30;0;300
116;0;145000
49;0;95000
50;0;400
44;0;82500
101;0;129000
98;0;170000
61;0;122000
226;0;361000
105;0;250000
163;0;489000
104;0;275000
84;0;220000
147;0;379900
91;0;189000
92;0;115000
93;0;194000
96;0;185000
65;0;119000
93;0;195000
126;0;138000
65;0;99999
74;0;159000
188;2021;789600
75;0;135000
60;0;800
38;0;92000
110;2000;550
110;0;225500
96;0;590
131;0;350000
119;0;950
85;2006;189000
43;0;57000
100;1928;230000
105;0;222285
109;0;305200
126;0;390600
75;2020;900
75;2020;900
80;0;450
65;0;350
74;0;550
105;0;1000
101;0;850
92;2008;700
139;0;417000
65;0;280
60;0;300
56;0;350
102;0;239000
50;0;400
45;0;300
102;0;259900
93;0;182000
82;0;73000
112;0;89000
40;0;390
85;0;190000
106;0;179000
46;0;350
149;2004;399000
120;0;165000
250;0;376000
77;2008;700
100;0;700
143;0;2500
98;0;182000
400;0;400
97;0;215000
60;0;300
50;0;500
50;0;500
46;0;350
92;0;92000
51;0;450
56;0;400
88;0;82000
115;0;360000
55;0;650
60;0;350
55;0;230
52;0;350
55;0;300
96;0;190000
100;0;181000
112;0;265000
120;0;254900
40;0;280
81;0;125000
132;0;158000
90;0;203000
140;0;260000
104;0;150000
108;0;255000
60;0;300
180;0;305000
57;0;400
62;0;550
60;0;390
53;0;700
67;0;350
56;0;330
70;0;350
18;0;56000
64;0;350
58;0;350
55;0;350
42;0;370
55;0;500
42;0;550
55;0;350
50;0;500
62;0;500
60;0;450
67;0;380
55;0;790
56;0;650
45;0;450
58;0;450
55;0;500
65;0;450
48;0;500
50;0;350
50;0;600
57;0;450
29;0;63000
67;0;550
45;0;450
55;0;550
53;0;450
60;0;400
51;0;350
60;0;500
40;0;280
70;0;600
53;0;350
58;0;300
50;0;380
60;0;800
50;0;400
55;0;450
50;0;400
52;0;400
56;0;380
55;0;650
68;0;600
52;0;500
67;0;650
52;0;350
45;0;300
50;0;500
45;0;400
61;0;400
58;0;300
65;0;400
50;0;430
45;0;350
60;0;250
60;0;900
57;0;850
55;0;500
50;0;350
10;0;20000
1;0;350
60;0;650
240;0;750000
50;0;400
120;0;299000
125;0;85000
110;0;130000
107;0;350000
58;0;900
93;0;153000
62;0;700
62;0;800
55;0;400
55;0;500
68;0;750
50;0;250
50;0;400
57;0;700
70;0;800
57;0;800
40;0;500
50;0;350
91;1940;1200
68;0;105000
190;0;170000
72;1988;140000
111;1990;138000
102;0;350000
87;0;99000
36;0;400
104;2010;750
75;0;800
85;0;102000
155;0;1500
140;0;88000
85;1935;170000
153;0;289900
91;0;199900
30;0;38000
45;0;300
75;0;140000
61;0;144900
103;0;198000
63;0;167000
60;0;250
122;2006;175000
95;0;235000
109;0;280000
88;2020;203903
61;0;1200
77;0;81000
30;0;27000
155;0;440000
60;0;130000
55;0;500
68;0;130000
105;0;250000
75;2019;149250
45;2020;51750
78;0;900
65;0;95000
50;0;96000
30;2020;34500
24;0;150
53;0;54000
46;0;300
60;0;320
69;2014;142000
42;0;69500
63;0;101111
50;0;350
59;2020;67850
179;0;447500
140;0;1300
91;0;87000
120;0;1200
75;0;140000
82;0;168000
25;0;47000
136;0;630888
46;0;330
107;0;700
150;0;2600
84;0;105000
25;0;300
112;0;338000
127;0;265000
84;0;137000
75;0;149200
150;0;245000
25;0;69990
120;0;199000
20;0;69900
96;0;160000
140;0;800
95;0;159000
91;0;165000
22;0;200
109;0;199000
86;0;168822
200;0;2500
86;0;168822
86;0;168822
86;0;168822
93;0;182329
125;0;650
86;0;168822
96;0;189024
139;0;662000
84;0;99000
92;0;750
99;0;265000
86;0;182329
96;0;147000
130;0;329900
103;0;700
33;0;33000
24;0;55000
95;0;69000
120;0;850
86;0;169334
86;0;99000
87;0;99000
80;0;194900
23;0;60000
23;0;78000
87;0;174000
120;0;204000
93;0;186000
120;0;195000
117;0;240000
86;0;176900
500;0;6500
70;0;350
110;0;119938
92;0;87000
80;0;300
86;0;150000
80;0;198000
35;0;113500
93;0;260000
88;0;136400
103;0;180000
98;0;245000
95;0;129500
97;0;242500
117;0;245000
184;0;1000000
184;0;564580
184;0;528150
94;0;380000
85;0;120000
96;0;140000
116;0;1100
75;0;145000
93;0;220000
18;0;60000
87;0;300000
96;0;145000
153;0;240000
95;0;700
102;0;115500
100;0;193000
38;0;68400
80;0;285000
154;0;2400
199;2019;435000
60;2020;150350
59;0;105000
345;1927;739000
425;0;1150000
38;2011;95000
49;0;68000
87;0;92500
28;1979;47950
14;1939;22000
150;0;525000
117;0;205000
100;2007;120000
112;2019;385000
59;1989;86000
121;2009;299000
250;0;1300
81;0;550
37;2010;90000
20;0;170
106;0;250000
135;0;900
237;2013;500000
33;2003;350
36;0;48600
103;0;1400
92;0;600
125;0;650
106;0;850
100;0;650
26;0;270
33;0;350
80;0;580
200;0;4200
115;0;1150
135;0;900
123;0;800
20;0;230
96;0;1000
93;0;690
100;0;800
115;0;650
70;0;600
103;0;650
143;0;1000
110;0;1100
100;0;1500
115;0;700
95;0;800
105;0;550
144;0;325000
120;0;650
160;0;700
86;0;850
106;2014;700
104;0;220000
33;1935;79000
34;0;300
33;0;38000
110;0;650
40;0;90000
31;0;47000
32;0;65000
75;0;105000
35;0;79500
34;0;69900
40;0;60000
31;0;72000
18;0;29000
43;0;94000
30;0;37500
140;0;1900
30;0;37500
30;0;37500
36;0;45000
30;0;37500
101;0;600
32;0;31000
29;0;250
134;0;160000
37;0;71400
25;0;69000
33;0;38000
48;0;77000
35;0;46000
172;0;550000
28;0;55000
162;0;235000
44;0;66000
27;0;300
33;0;200
22;0;37000
36;0;49900
30;0;28000
25;0;55500
39;0;121000
39;0;105000
44;0;107000
98;0;130000
25;0;38000
25;0;35000
34;2020;75583
39;0;60000
42;0;35000
48;0;80000
167;2019;310000
48;0;105000
125;0;650
82;2007;240000
27;0;79900
105;0;800
25;0;55000
94;0;123000
21;0;60000
75;0;107000
92;0;250000
90;0;169900
88;0;600
96;0;130000
100;2020;199680
84;0;119000
23;0;48000
44;0;60000
124;2017;248060
87;1980;119000
45;0;64900
25;0;18000
42;0;60000
122;0;164700
86;0;112000
75;0;850
66;0;78000
20;0;34900
92;0;193000
98;0;299000
105;0;145000
86;0;168822
117;0;360000
58;2020;75600
48;0;62300
86;0;168822
67;0;86500
117;2020;275000
62;2020;80500
175;0;300000
125;0;2500
129;2020;308000
94;0;164500
201;2010;478000
75;1989;29900
132;0;119000
83;2009;228000
95;0;79000
219;0;438000
50;0;96000
142;2001;171000
256;0;690000
104;0;790
80;0;75000
33;2020;107000
105;0;195000
77;0;119000
56;2014;65000
187;0;235000
47;0;85000
66;0;109000
96;2008;219000
72;0;77000
112;0;550
55;2020;71000
120;0;700
72;2015;115900
90;2016;127000
85;2019;125600
40;2019;68000
41;2019;69900
46;2019;82800
64;2019;115200
131;2020;341000
87;0;230000
56;2014;44000
27;0;67500
56;0;330
75;0;440
75;0;800
55;0;54000
35;0;350
40;0;44000
117;0;235000
30;0;350
65;0;1100
78;0;500
41;0;110000
109;0;199000
38;0;51300
104;0;275000
80;0;700
33;0;64000
54;0;72900
25;0;55500
190;1980;1600
261;2007;299000
66;0;106900
32;0;43200
34;2019;89000
80;0;700
58;0;79500
30;0;300
70;1938;690
41;0;55350
65;2020;120500
138;0;300000
64;0;76800
68;0;121400
55;0;74500
81;2020;150000
54;0;120000
55;2016;122000
174;0;349900
203;0;195000
70;1960;152000
60;0;54000
46;0;80500
64;2021;118500
72;2021;133200
85;1996;155000
130;0;900
32;0;300
72;2021;146400
74;0;139900
65;0;750
47;0;42300
95;0;800
245;0;405000
50;0;270
92;0;189000
113;2018;260000
81;0;150000
200;0;520000
92;0;170000
174;0;400000
81;0;80000
59;0;73000
45;1985;77000
99;0;265000
47;0;81000
75;0;380
41;2019;73000
46;0;400
43;2012;55000
60;2010;550
55;0;750
36;0;85000
91;0;450
44;0;84900
75;0;750
25;1970;33000
48;0;96000
55;2020;70000
73;0;85000
60;0;81000
28;0;320
71;2012;115900
50;0;0
99;0;275000
71;0;280
84;2010;500
45;0;77000
84;0;135000
31;2018;47000
48;0;450
376;2017;850000
107;2021;277680
39;0;78900
102;0;239000
105;2021;271900
81;2019;1100
70;0;450
106;0;69900
98;0;199000
104;0;235000
81;0;255000
70;0;106000
162;0;800
86;0;500
36;0;180
116;1930;160000
52;0;52000
49;0;85000
45;0;53000
50;0;93000
45;0;115000
53;0;109000
74;1995;450
58;0;83000
62;0;159900
51;0;33000
62;0;142000
30;0;250
45;0;115000
55;0;174000
52;0;65000
41;0;107000
77;0;80000
68;0;170000
56;2020;180000
61;2019;149500
41;0;290
128;0;358400
31;0;72000
40;0;400
28;0;94900
143;2022;478888
85;1928;185000
91;0;600
60;0;70000
120;0;400000
67;0;145000
80;2019;110000
67;0;490
54;0;127000
60;0;107000
70;0;300
72;0;650
60;0;500
51;0;140000
50;0;250
47;0;350
84;0;1000
131;0;1300
43;0;128000
28;0;107000
90;0;108000
68;0;400
52;2008;100000
41;0;105000
38;0;49500
62;0;99990
52;0;61880
43;2012;55000
81;2007;180000
35;0;250
35;0;350
48;0;160
140;0;1000
72;0;122000
92;0;225000
113;0;248600
100;0;900
119;0;313120
86;0;245557
98;0;215600
63;0;112140
60;0;650
130;0;286000
28;2011;250
57;0;107225
108;1976;249000
126;2021;319620
95;0;148000
21;0;230
37;0;72000
87;0;243885
50;0;145629
43;0;55000
43;0;60000
44;0;77500
36;0;81600
56;1992;72800
70;0;109000
62;0;210000
54;0;90000
59;1975;77000
66;0;109000
80;0;160000
65;0;107500
65;0;107500
61;0;86000
71;0;131000
65;0;107500
41;0;123000
69;2008;101000
117;2020;275000
53;2011;300
65;0;79500
66;0;99000
39;0;55000
66;0;99000
54;0;42900
60;0;650
50;2020;85000
45;0;250
79;2020;115000
53;2020;90000
41;0;123000
51;0;350
53;2020;90000
69;2008;101000
69;2008;101000
42;0;130000
124;0;1600
92;0;1750
56;0;76000
120;0;235000
68;0;119500
69;0;92500
103;1932;160000
120;0;280000
191;0;420000
40;0;92000
57;0;110000
88;2004;165000
50;2020;85000
83;2014;500
58;0;99000
41;0;123000
65;1971;113000
41;0;123000
54;0;79900
25;0;35000
85;0;850
60;0;112000
127;1910;265000
64;0;600
80;0;270
65;0;145000
109;0;220000
64;0;900
58;0;116000
39;0;101140
34;0;69500
49;2020;104054
41;0;400
66;0;107500
66;0;115000
56;0;92500
65;0;71500
58;2020;850
49;0;70000
211;0;464000
55;0;220000
77;0;106000
92;0;202400
47;0;54000
52;0;91000
55;0;63250
64;0;73600
82;2019;270928
40;0;80000
107;2009;218000
110;0;1200
33;2020;73260
61;0;136350
96;2020;176650
65;0;125000
65;0;90000
105;0;1000
56;0;400
55;0;60500
120;0;179000
41;2019;44000
70;2015;110000
30;0;300
130;1935;1700
94;0;206800
42;0;50400
86;1961;86000
18;0;56000
95;0;160000
103;0;180000
122;2016;164700
92;0;89000
94;0;225024
133;0;272000
60;0;159100
55;0;60500
70;2018;84000
38;0;43700
140;0;150000
65;2017;55250
65;2017;71500
40;0;52000
43;0;39000
110;0;800
114;2018;174500
82;0;95000
65;2017;55250
68;0;1200
93;0;74000
60;0;700
160;0;365000
112;2019;325000
102;0;185000
40;0;240
84;0;130000
163;0;439900
63;0;90000
61;1996;92000
139;0;236300
82;2009;228000
80;2020;82000
99;1970;265000
88;0;209000
142;1978;360000
130;2020;241800
82;2020;152520
139;0;500400
78;2020;156000
59;0;65500
42;2020;2530
62;1980;117000
49;2020;2500
105;1955;270000
60;0;130000
54;0;126000
92;0;205000
91;0;1100
98;0;1400
105;0;178500
108;0;145000
273;2020;1146600
106;0;199900
650;0;2500000
74;0;159900
100;0;750
69;2008;101000
132;0;127000
127;0;155000
111;2021;396888
91;0;600
124;0;155000
86;0;700
150;0;1200
78;2008;200000
90;0;139900
100;0;700
160;0;1500
28;0;270
289;0;1500000
90;0;1800
135;0;1500
114;2021;392888
93;0;246000
87;0;228000
85;0;500
80;0;840
88;0;139000
119;0;149000
106;0;191000
28;0;99900
73;0;450
95;0;950
84;0;690
95;0;600
92;0;1000
95;0;600
70;0;500
83;0;800
94;0;179000
90;0;500
65;0;350
80;0;450
80;0;450
94;0;450
74;0;330
63;0;68000
85;0;400
61;0;500
70;0;700
51;0;110000
95;0;690
70;0;350
105;0;850
81;0;45000
80;0;110000
123;0;1000
94;0;600
130;0;1100
92;2016;89000
79;0;238888
93;0;1200
89;0;600
65;0;575
80;0;650
75;0;700
90;0;600
83;2010;228000
117;0;1000
100;0;700
67;0;480
86;0;650
83;0;450
75;0;450
64;0;450
88;0;1380
80;0;700
86;0;700
68;0;600
80;0;500
108;0;1200
94;0;179000
112;0;275000
99;0;229000
112;0;175000
88;0;177000
101;0;185000
75;0;64550
101;0;212100
88;0;201000
120;0;600
27;1939;69900
77;2017;180000
140;0;2500
125;0;139000
155;0;545000
150;0;495000
76;2017;64600
140;0;465000
98;0;750
113;0;250000
84;0;155000
120;0;195000
18;0;67000
85;0;245000
117;0;240000
110;0;550
23;0;48000
104;0;275000
104;0;239200
95;0;148000
88;0;550
138;0;294000
75;0;140000
23;0;38000
93;0;109000
110;0;150000
24;0;34000
81;0;169000
18;0;38000
114;0;399000
245;0;420000
136;0;199900
103;0;180000
135;0;320000
94;0;122000
108;0;1200
85;0;250000
260;0;650000
70;0;400
108;0;280000
26;0;79000
100;0;89900
115;0;300000
90;0;700
109;0;272350
179;0;447000
179;0;2300
102;0;125000
75;0;700
92;1927;140000
140;0;320000
109;0;210000
80;0;158875
147;0;1000
120;0;290000
85;0;185000
96;0;79900
101;0;363000
117;0;160000
88;0;194000
64;0;800
65;0;79900
145;0;539000
84;0;129000
72;0;124000
116;0;247000
105;0;600
72;0;124000
90;0;500
76;0;100000
116;0;299999
64;0;67000
88;0;83600
92;0;165000
92;0;190000
100;0;165000
60;0;120000
96;0;255000
87;0;98000
65;0;77000
79;0;237000
96;0;140000
68;0;115000
172;0;800000
103;2016;227000
89;0;229289
73;0;151000
40;2011;105000
94;0;94000
80;0;155000
59;2020;128088
89;0;99000
78;0;1000
68;0;98000
111;0;248000
91;0;1000
84;0;90000
138;0;150000
99;0;265000
109;2008;199000
69;0;85000
77;0;145000
55;0;200
195;0;160000
79;0;94800
96;0;145000
60;0;600
100;0;2000
88;2017;194128
87;2020;173340
78;2019;107690
57;0;99041
70;0;130000
59;0;64900
77;0;110000
90;0;215000
45;2017;80000
58;0;85000
75;0;102000
159;0;280000
145;0;246500
51;0;122000
65;0;72000
89;0;180000
74;0;77500
68;0;162000
83;0;500
81;0;215000
80;0;450
74;0;115000
109;0;199000
95;0;1200
75;0;69000
84;0;299000
74;0;147000
66;0;173500
78;0;210000
88;0;80000
73;0;140000
90;0;1500
80;0;700
74;0;155000
79;0;148000
27;0;300
100;0;500
80;0;550
107;0;157000
40;0;350
52;0;145000
94;0;650
50;0;400
120;0;1100
90;0;850
82;0;310000
77;0;92500
20;0;60000
72;0;140000
60;0;600
109;0;299000
66;0;50000
103;0;397888
77;0;89900
60;0;172000
88;0;650
103;0;227000
146;2021;423400
71;0;650
85;0;170000
100;1932;310000
125;0;449000
78;0;195000
290;2020;1510280
80;0;190000
262;2020;1361040
95;2019;289000
56;0;550
273;2020;1418400
104;1936;275000
100;1975;800
190;2010;380000
160;0;640000
103;2001;650
162;2012;2300
65;0;450
78;0;590
61;0;115000
92;0;205000
163;0;439900
93;0;140000
56;2019;88000
82;0;95000
60;0;78585
61;0;95000
31;0;65000
53;0;87000
72;1990;169900
70;1932;120000
95;0;135000
42;0;400
45;0;65000
107;0;123000
58;2007;70000
78;2006;204000
42;0;300
45;0;300
70;0;99900
53;0;260
38;0;380
38;0;240
45;0;400
89;0;600
45;0;400
110;0;1400
42;0;300
45;0;230
40;0;280
40;0;280
42;0;300
200;0;1500
55;0;550
50;0;300
45;0;250
40;0;380
35;0;350
42;0;300
118;2020;312000
96;2020;204500
101;2020;267640
72;0;135000
204;0;481000
48;0;250
101;2019;165000
61;0;400
53;0;400
96;0;1000
70;0;400
67;0;400
125;0;430
82;0;220000
70;0;550
65;0;450
86;0;550
33;0;260
70;0;700
83;0;700
45;0;500
80;0;450
45;0;400
80;0;550
90;0;620
100;0;850
76;0;700
65;0;500
52;0;600
60;0;350
68;0;350
70;0;400
70;0;600
78;0;1000
86;0;500
75;0;400
71;0;550
120;0;450
110;0;1000
70;0;99900
80;0;450
120;0;900
80;0;630
75;0;650
70;0;500
77;0;500
76;0;400
93;0;1200
63;0;450
351;2020;1824260
90;0;600
123;2021;350170
103;1928;319000
101;0;212100
83;0;600
147;0;419900
86;2005;147000
98;2017;239000
87;2017;245000
25;2011;70000
106;0;222600
100;2009;160000
121;2015;229000
70;0;450
113;0;265000
152;0;364800
102;2018;1500
135;2009;365000
80;0;350
128;0;358400
118;2010;330000
96;2009;139000
85;2005;190000
123;2009;225000
106;0;424000
100;0;270000
155;0;500000
150;0;380000
83;1954;285000
76;0;169900
92;1937;228000
83;1966;85000
46;2019;75000
87;1970;102000
63;2018;150000
98;0;90000
135;2013;1500
80;0;60000
110;1932;700
81;0;122000
83;1954;285000
50;0;60000
96;0;212000
102;0;75000
37;0;300
160;0;290000
76;2017;64600
148;0;360000
65;2017;52000
103;0;205000
55;0;130000
76;2017;64600
89;0;800
164;0;178600
50;0;270
90;0;220000
200;0;580000
62;0;50000
50;2021;370
33;0;300
25;0;150
64;2018;67500
120;0;650
26;0;300
44;0;59000
89;0;800
74;0;147000
40;0;93400
71;0;99000
76;0;61000
144;0;259000
12;0;35000
85;0;74000
65;0;57000
90;0;90000
63;2019;150000
81;0;89000
138;0;325000
130;0;190000
221;2006;552500
221;2006;1800
53;0;68900
130;0;1500
74;0;147000
44;2016;70400
80;0;121900
75;0;350
67;0;55000
65;0;165000
40;0;380
87;2006;210000
58;0;52000
50;0;600
40;0;200
69;0;56200
60;1929;120000
64;0;70000
30;0;270
155;0;135000
110;0;800
52;0;68000
80;2009;88000
87;0;130000
109;0;790
61;0;100000
80;0;125000
75;2016;119000
25;0;23000
85;0;75000
70;0;600
68;0;68000
90;0;500
44;0;39000
64;0;200000
69;2019;120750
60;0;67000
50;2019;52500
62;0;119000
45;0;55000
60;2010;105000
54;0;62000
80;0;500
101;2019;278000
65;0;450
44;0;52440
89;2019;222500
77;2019;192500
34;0;30000
82;0;259900
28;2011;68000
127;2019;280000
96;1985;220000
78;0;165000
83;2019;150000
45;0;450
83;0;80000
61;0;125000
35;2017;52000
56;0;129000
76;2010;190000
70;0;126000
70;2013;78000
122;2017;308660
85;2000;63000
82;0;220000
82;0;89300
87;0;192000
124;0;273000
83;0;650
124;0;273000
49;2020;91517
62;0;58900
17;0;200
99;0;265000
37;0;250
50;0;112200
61;1970;99000
80;1975;85000
56;0;110000
100;0;220000
60;0;132000
100;0;220000
78;0;159000
100;0;88000
41;0;37000
132;0;304574
120;0;235000
25;0;35000
42;0;42000
63;2004;126000
90;0;217703
71;0;64000
78;0;215000
70;0;120000
75;0;450
78;2019;189582
67;0;600
45;0;65000
47;2019;56400
80;0;500
58;2019;63250
85;0;197000
20;0;20000
31;0;67500
86;2016;1000
120;2019;140000
57;0;330
130;0;205000
100;0;900
42;0;550
56;0;1100
166;0;500000
110;0;301510
25;0;35000
71;0;97000
121;0;310000
100;0;650
94;20005;181700
59;2013;63000
66;0;130000
63;0;125740
101;0;290000
45;1981;98000
51;0;250
91;1960;245000
60;0;50500
57;0;125370
65;0;250
119;0;238000
57;0;850
45;2019;51750
60;0;112000
45;0;51750
74;0;102000
36;0;108000
30;0;86000
86;2019;150500
88;2019;149600
182;2005;527800
125;2019;225000
123;2019;221400
49;0;62000
70;0;102000
70;0;89000
124;0;273000
116;0;160000
128;2005;384000
54;1980;40000
62;0;99680
174;2019;330600
47;0;51500
44;0;55000
43;0;60000
34;0;63680
40;0;300
113;0;260000
30;0;107000
37;0;98500
42;0;400
65;0;73000
65;0;81000
55;2010;61900
51;0;82000
66;0;115000
54;0;105000
42;0;125000
63;0;157500
58;0;112000
55;2019;125000
63;0;119700
65;0;92000
31;0;50000
61;0;114000
58;0;125000
57;0;110000
57;2020;94000
74;0;385000
96;0;96000
46;0;87000
58;0;115000
70;0;0
58;0;79000
38;0;200
38;0;92000
102;0;240000
31;0;85000
49;0;78000
50;0;150
63;1980;107000
45;0;250
90;0;650
51;0;450
45;0;85000
47;0;72000
88;0;307000
57;2020;107225
65;0;180000
97;1960;215000
51;1996;115000
48;2019;50400
39;2020;87600
68;0;330
60;0;130000
50;0;400
43;0;55900
42;1936;82500
100;2013;269000
70;0;158000
38;0;49400
24;0;31200
100;0;87000
78;2019;193721
106;0;110000
75;0;950
50;2019;600
30;0;39000
69;1964;168000
92;1950;179000
106;0;222600
70;0;600
90;0;1400
31;0;40300
92;0;202400
174;0;302400
70;0;146300
23;0;29900
113;0;204000
112;2006;249000
46;0;96140
146;2008;345000
38;0;49400
86;0;179740
100;0;209000
32;0;40000
46;0;96140
115;0;150000
39;0;31000
65;2008;130000
90;0;140000
66;0;108000
72;0;90000
58;0;72500
76;0;95000
74;0;95000
62;0;55000
60;0;63000
58;0;500
61;0;99000
75;0;115000
70;0;82000
62;0;119900
47;0;139000
73;0;115000
50;0;133000
78;0;115000
62;0;99000
80;1979;188000
45;0;330
63;0;1000
47;0;550
93;0;67000
46;0;400
59;0;135700
56;0;550
70;0;700
95;0;1200
65;0;500
100;0;700
100;0;2000
101;0;260000
108;0;195000
110;0;199000
91;0;600
88;0;193600
54;0;235000
100;0;209000
80;0;900
85;0;177650
86;0;210000
65;0;85000
62;0;70000
62;0;102000
40;0;103700
24;0;24500
61;0;73200
110;0;358888
82;0;220888
116;2009;170000
77;0;214888
32;0;17500
41;0;86900
59;2015;79000
57;0;130000
18;0;18000
51;0;105000
50;0;65000
66;0;109000
58;1985;140000
53;2005;52500
60;0;300
65;0;93500
80;0;900
66;0;145000
51;0;103000
83;2020;285000
100;0;75000
74;2004;135000
35;0;45000
60;0;48000
47;0;123200
57;0;600
46;2020;122000
57;1990;63500
43;1962;74500
73;0;700
49;0;600
60;0;450
55;0;129000
60;1986;56000
56;2015;67000
43;0;48900
47;2020;122200
58;0;155000
57;0;500
49;2020;128362
52;0;500
35;0;280
52;0;500
58;0;115000
45;0;55888
55;0;79900
67;1957;117000
54;0;108000
57;1983;99900
68;0;108900
38;2012;42000
41;0;90000
49;0;110000
52;0;370
67;1973;120600
55;0;61500
58;1974;76000
38;1938;66900
61;0;86000
65;2000;100000
58;0;450
85;1954;175000
44;2021;57200
64;0;54999
24;2021;31200
44;2021;57200
59;0;550
155;1939;390000
95;1923;239000
76;2010;190000
65;0;73000
116;2010;200000
64;0;138888
159;0;280000
87;0;158000
66;2020;130500
110;1939;270000
63;2020;125740
67;2020;125370
96;0;186000
94;0;105000
82;2020;176300
90;0;103000
78;2020;134000
77;1903;169900
39;1937;87000
38;1973;64000
78;0;420
84;1984;110000
33;2018;64000
110;1930;239000
91;1959;245000
99;1970;265000
62;2021;107560
80;2006;191000
80;0;500
68;0;350
58;2021;100700
99;0;169000
82;0;175000
31;0;220
55;0;500
66;0;109000
54;0;19500
25;0;230
68;0;119500
54;0;19500
54;0;42900
44;0;87460
48;0;96260
42;2015;49900
54;0;19500
44;0;87460
54;0;42900
48;0;96260
31;0;250
66;0;109000
44;0;87460
48;0;96260
54;0;42900
48;0;96260
120;2009;280000
55;0;109000
65;0;79500
66;0;99000
65;0;79500
91;0;115900
65;0;79500
38;2017;67000
91;0;115900
70;0;138888
91;0;115900
66;0;99000
65;0;107500
68;1958;143000
46;0;61000
41;0;101900
65;0;79000
52;0;110000
62;0;85000
61;0;87000
65;0;138000
42;2018;60000
66;0;151800
37;0;62000
70;0;161000
43;0;36000
54;1980;39900
58;0;112200
53;2011;149000
52;0;75000
43;0;58900
60;0;169900
62;1927;119000
56;0;74900
77;0;135000
61;1978;72000
63;1993;400
55;0;87000
70;0;132000
47;2019;70000
75;1976;129900
77;0;105000
83;0;179800
91;0;115900
44;0;74360
145;0;1050
62;0;143300
61;0;95000
62;0;104700
68;0;146200
64;0;115000
60;0;62000
58;0;600
63;0;179000
50;0;400
65;0;98000
62;0;550
50;0;550
50;0;500
71;0;165000
75;0;151900
75;0;150000
49;1933;130000
60;2016;54500
45;1950;500
48;2019;52680
67;0;200000
65;0;72000
85;0;127500
78;0;170000
65;0;130000
120;0;330000
54;0;65000
139;0;2200
139;0;417000
49;0;91517
44;0;87460
81;0;74000
34;0;300
85;0;237888
88;0;268888
62;0;133000
50;0;270
65;0;99500
47;0;115900
41;0;107000
45;0;67500
48;0;98000
60;0;109900
47;0;87800
62;0;142000
62;0;142000
67;0;114900
49;0;114000
56;0;179000
41;0;130000
54;0;112000
53;0;89900
52;0;125000
54;0;48400
67;0;139900
55;0;57500
62;0;127000
40;0;25000
66;0;116900
62;0;159900
58;0;147000
37;0;150000
56;0;600
58;0;118000
51;0;131500
66;0;185000
70;0;140000
55;0;145000
54;0;139500
54;0;135000
67;0;200000
47;0;121500
56;0;139000
65;0;180000
45;0;93000
64;0;63000
62;0;159900
57;0;55000
73;0;195900
56;0;31000
65;0;86000
60;0;20000
47;0;121500
69;1968;185000
34;0;70000
80;0;570
57;2012;85000
72;0;350
50;0;81000
76;0;500
49;0;330
50;0;300
42;0;51000
40;0;300
31;0;270
50;0;350
89;0;500
40;0;310
88;0;176900
61;0;180000
86;0;88000
92;0;220000
64;0;135000
70;0;98000
106;0;69900
65;0;68250
85;0;170000
118;2020;318900
101;0;110000
80;0;200000
41;0;102000
50;0;350
92;0;260000
65;0;650
45;0;250
32;1965;65000
59;1980;115000
49;2010;122000
32;0;450
60;2015;47000
92;1980;165000
76;0;90000
43;0;55000
54;1993;75900
71;0;650
75;1970;85000
65;0;121200
55;0;550
116;0;170000
90;0;99000
48;0;96000
43;0;350
450;0;900000
60;2018;230
53;0;66250
60;0;88500
62;0;47000
60;0;55000
133;1940;293000
172;2012;430000
41;0;107000
149;1935;439000
92;0;165000
56;0;280
80;0;650
45;0;400
93;0;130000
33;0;250
93;1980;110000
60;0;250
40;2014;200
28;0;250
49;2021;126100
400;0;5000
39;2021;101140
45;2021;116900
92;1978;210000
92;1968;210000
63;1922;350
60;0;650
95;0;160000
45;0;100000
33;0;350
64;0;125000
44;2015;47000
68;0;119500
59;2018;72000
86;0;155000
100;1938;279900
58;0;72500
69;0;74000
30;0;170
32;0;65000
65;0;94250
78;2020;148200
95;0;132500
66;0;112000
102;0;350000
44;1935;129000
110;2010;800
150;0;2000
108;0;255000
53;0;62000
79;2010;229000
133;1928;270000
82;0;180000
44;0;93000
80;0;800
39;2021;74500
89;2021;165000
38;2021;83200
63;0;500
87;2021;161000
49;2021;93100
75;0;103125
66;0;109000
80;0;110000
72;2021;133200
46;0;350
90;0;180000
83;0;164340
42;0;42840
45;0;61875
80;0;110000
50;0;155000
155;0;435000
53;0;72875
62;0;97000
80;2006;118500
34;0;46750
74;0;210580
79;0;108625
31;0;47275
73;0;111325
35;0;53375
73;0;111325
32;0;48800
63;0;96075
41;2012;61800
29;0;44225
37;0;56425
38;0;280
37;0;56425
39;0;46800
31;0;47275
37;0;56425
24;0;490
33;0;50325
90;0;620
37;0;56425
90;2020;1750
80;0;95000
37;0;71500
61;0;180000
82;0;203000
37;0;98000
117;0;74255
57;0;54155
65;0;62220
54;0;400
40;0;52000
40;0;450
47;0;114800
56;0;77840
45;0;134000
28;0;69100
108;0;210000
36;0;36720
36;0;36720
85;0;600
62;0;102000
54;0;78000
102;2020;240000
50;0;93000
79;2014;138000
33;0;50325
91;0;135000
36;0;36720
75;0;176700
24;0;29500
320;2014;529000
76;0;115000
110;0;550
39;0;41000
45;0;47000
61;0;62220
65;0;79000
69;2012;200000
83;0;79000
45;0;180
24;0;21600
103;0;355000
45;0;47000
60;0;600
60;0;400
39;0;41000
42;2017;45000
52;0;54000
38;0;300
100;0;540
70;2008;120000
80;0;300
52;0;95000
49;0;135000
60;0;650
45;0;94000
158;0;280000
52;0;55000
62;0;65000
48;0;63360
55;0;57000
34;0;400
59;1936;115000
44;0;51900
72;0;144240
50;0;98500
75;0;117000
87;2017;99999
100;0;195000
71;1990;166300
60;0;63000
82;2018;89000
35;2016;250
25;0;90000
78;1996;81000
67;0;370
117;1939;340000
67;0;143000
20;1994;45000
115;1930;340000
92;1936;1000
73;1990;95000
61;2019;149500
77;0;75000
63;0;117000
60;0;700
100;1938;198000
46;1936;155000
42;1980;61500
62;1980;79000
140;0;294000
58;0;155000
92;1970;215000
153;1935;240000
80;1991;120000
66;0;49900
77;0;165000
73;1987;109000
60;2010;130000
59;1980;54000
90;1948;163000
30;2012;300
50;2008;96000
76;2005;135000
109;0;280000
95;1984;87000
88;0;205000
103;0;277000
45;0;48000
62;1934;140000
108;0;280000
58;1970;54000
68;1980;107500
78;0;215000
58;0;110000
114;0;229000
24;1960;57000
130;1957;262000
168;1940;1800
53;0;62500
53;0;56000
45;0;600
63;2010;99900
64;0;140000
11;0;10000
47;0;58500
52;2020;52900
45;1976;51000
96;0;285000
64;0;77500
740;2005;880000
75;1984;135000
84;1987;92500
77;2019;128000
50;1965;400
57;2020;100000
33;0;45000
120;193;333000
117;2009;245000
37;2020;48100
35;0;67000
42;0;80000
69;0;95000
50;2003;108000
46;2020;59754
57;2020;74043
65;2020;84435
45;2020;58455
42;2020;54560
62;2020;80540
54;0;420
25;0;35000
25;0;200
100;0;115000
83;1936;160000
74;2015;110000
37;0;114900
80;0;77000
87;0;800
46;0;400
98;2020;343000
52;0;54000
114;2020;399000
43;2020;55860
78;0;154000
83;0;70000
45;1980;97000
32;1934;60000
69;2015;550
65;1936;165000
60;1939;70000
76;2000;78000
69;0;106000
41;0;120000
60;1966;130000
125;2011;1000
76;1977;350
70;0;500
113;0;750
26;2000;25000
57;0;51000
39;1991;105000
90;2020;1300
56;2;179000
79;2012;147000
68;2019;134000
45;0;59900
64;1980;110000
35;0;36000
75;0;62000
57;1950;69000
55;0;1000
90;2020;365000
135;0;900
36;0;79900
55;2011;102000
75;2020;262500
62;1970;97000
130;0;900
78;0;189582
61;2020;180000
93;2005;650
79;0;170000
100;1980;80400
73;1959;175000
82;2021;264000
138;2010;306000
50;2020;94150
132;2020;318980
67;2020;126960
90;2020;219704
61;2019;550
67;0;600
79;2020;190914
122;2020;201300
75;0;117000
131;2020;317335
61;1968;700
45;0;115000
59;0;63500
66;2020;124780
64;0;69000
126;2020;277244
12;2020;15000
91;1990;155000
42;2020;79650
132;0;304574
60;1970;450
65;0;99999
58;1950;450
110;1930;550
93;0;139000
180;0;1500
102;2020;240000
73;2020;62000
40;2020;47500
71;2008;140000
42;0;57000
40;2020;47500
50;0;150000
38;2020;44500
89;1980;180000
60;0;152500
42;1980;270
43;2013;99500
30;2020;35500
38;2020;49000
100;1956;240000
42;0;45000
52;0;130000
66;0;115000
30;0;61500
60;1980;70000
60;0;400
73;1950;450
48;1908;89500
38;2020;42500
38;2020;42500
76;0;650
75;0;900
65;2005;380
71;0;520
45;0;94000
43;1930;64000
62;0;104900
82;2012;151000
44;1970;78500
100;2012;170000
36;1934;72000
59;2020;118000
91;2020;163800
35;0;113000
90;1957;600
59;2020;118000
35;0;500
96;2020;192000
68;1928;145000
66;0;158000
49;0;122000
77;2014;700
75;1970;500
51;2020;91800
60;1960;360
94;1990;600
58;2003;99000
22;0;60000
62;1970;96000
118;2018;175000
30;0;77000
59;0;122000
69;2018;99500
53;1960;150000
40;0;79000
76;2019;204000
12;0;10000
60;1980;62500
98;0;152000
60;0;110000
55;0;190000
58;0;450
45;1960;66000
42;2012;38000
55;0;550
145;2020;507500
44;2010;140000
45;2008;54600
93;0;246000
60;0;350
58;1920;150000
42;0;140000
40;2008;53000
135;0;243000
59;0;97000
60;1940;160000
250;0;500000
125;0;449000
54;2020;101000
86;0;400
65;0;125000
50;0;400
63;1987;80000
46;2019;105000
60;1958;125000
57;2020;94000
65;1971;83000
80;0;110000
123;2007;1100
78;2011;75000
30;0;45000
70;0;198000
120;0;280000
60;1961;500
76;0;155000
25;0;250
25;0;75000
40;2010;87500
26;2021;50000
30;2020;68200
36;1975;84000
36;0;46000
43;2020;108500
42;0;58000
60;0;45000
58;1980;79500
58;1997;104500
57;2007;169000
57;2017;118500
57;1982;105000
60;0;900
57;0;169888
38;2021;71000
58;0;163888
62;0;135000
60;0;119000
60;0;129000
58;0;61900
57;1970;125000
39;0;98000
61;0;110000
60;0;473888
62;0;143000
58;0;112200
63;2019;111268
61;1980;88000
62;0;139000
61;0;800
65;1970;99999
63;0;600
63;0;110000
63;1980;145000
65;0;115000
65;0;800
64;2021;119000
65;2021;120500
66;0;148000
62;0;210000
62;0;124000
69;0;600
64;2018;132840
70;1964;152000
65;0;500
67;0;160000
69;1936;137000
65;0;100000
70;0;160000
67;1938;200000
66;2020;172900
70;0;700
70;2000;175000
70;0;400
72;1975;68000
70;2008;187000
64;1960;140000
71;2021;146206
70;0;1100
64;1960;140000
72;2021;133000
68;0;130000
64;2014;52000
71;2021;146206
73;0;217000
74;2020;193900
75;0;220000
74;0;170200
75;1986;155000
72;2021;133000
72;0;110000
74;1990;149000
75;2020;301500
74;0;595888
76;2017;154500
76;1990;169900
74;0;586888
75;0;613888
77;1991;170000
77;2019;100000
74;0;590888
74;0;230000
77;0;165000
78;0;219888
72;2020;163250
78;2003;140000
74;2020;193900
78;2021;159223
80;1980;120000
79;2013;129000
78;0;236888
77;0;214888
75;1980;152000
76;0;155000
80;1980;110000
79;0;228000
77;1998;198000
80;1988;140000
78;0;155000
78;0;226888
80;0;85000
80;0;111000
78;0;89000
78;0;220888
31;1950;62000
76;1980;51000
78;0;222888
80;0;143000
82;0;238888
78;0;221888
78;1970;159000
82;0;288888
81;1973;250000
80;2020;181650
81;2021;148000
82;0;251888
82;0;292888
82;0;235888
81;0;219888
82;0;188600
82;0;129000
80;0;279888
80;0;238888
82;0;188600
88;0;136400
84;0;238888
83;2020;187850
82;1954;285000
84;2013;81500
87;0;230000
83;2013;100000
80;0;265000
86;2012;149000
89;0;246888
89;0;252888
83;2020;187850
86;2004;147000
80;2020;191500
90;0;1800
89;0;253888
89;0;251888
90;2010;153000
88;2003;169900
86;1980;155000
89;0;130000
90;0;214000
106;2015;260000
88;0;239888
105;0;352888
107;0;1200
110;0;420000
90;0;252888
88;0;267000
109;0;414888
25;2012;36500
111;0;185000
111;0;310888
107;0;382000
103;1939;205000
102;2020;286000
71;2009;140000
111;0;311888
109;0;299000
105;2001;195000
108;0;399000
112;0;900
110;0;219000
107;2020;267500
105;2004;225000
110;2018;228300
113;2018;260000
112;0;180000
113;1985;145000
108;1937;320000
110;0;396000
108;0;382888
121;0;368888
119;0;343888
114;0;376888
117;2012;240000
115;2004;175000
115;0;299000
121;0;344888
90;1948;163000
111;2009;205000
116;2008;145000
115;0;150000
114;0;366888
123;0;402888
121;0;349888
120;0;130000
113;0;209000
124;2020;310000
123;0;392888
119;2006;145000
120;0;1800
128;2020;318725
136;1939;482800
143;0;478000
119;0;352888
127;2020;317500
128;1960;270000
144;0;428888
144;0;485000
124;2020;310000
141;2006;390000
139;0;472888
143;0;476000
151;0;1244888
156;1936;650000
143;0;447888
144;0;423888
160;0;180000
139;0;639888
156;0;1292888
152;2020;483990
135;0;355000
160;0;1500
133;0;750
144;0;438888
136;2020;308750
116;0;299999
143;0;444888
151;0;1240888
162;1964;275000
143;0;462888
154;1985;205000
150;0;400
250;0;462500
170;2006;450000
153;0;410000
162;0;1338888
300;1923;850000
162;0;1338888
170;0;314500
195;0;800000
257;2016;450000
257;0;2500
62;0;170000
153;1940;250000
221;0;795000
173;0;187000
175;0;2200
175;2020;398000
42;0;210
60;0;650
38;0;77000
44;0;85000
170;0;2000
160;0;250000
30;0;250
27;0;300
62;2010;156000
94;0;123000
37;2009;43000
25;0;200
19;0;290
35;0;500
30;1991;200
42;0;400
171;2020;544285
35;0;300
33;0;350
25;0;250
27;0;250
22;0;300
44;0;78000
20;0;200
36;0;75000
34;0;400
32;0;220
38;0;320
31;0;300
43;0;300
30;0;300
26;0;300
28;0;300
30;0;350
43;0;320
35;0;600
25;0;220
40;0;600
44;0;260
26;0;350
25;0;180
33;0;250
36;0;250
21;0;200
22;0;330
31;0;250
40;0;250
30;0;300
40;0;500
35;0;300
84;2021;217881
31;0;300
37;0;350
44;0;250
43;0;300
32;0;250
26;0;300
26;0;250
27;0;270
37;0;270
34;0;340
37;0;550
35;0;400
37;0;300
40;0;280
38;0;250
28;0;260
28;0;260
30;0;250
30;0;220
40;0;460
35;0;320
30;0;270
57;2006;107000
46;1965;152000
39;0;300
70;1964;152000
58;1938;155000
46;2017;139000
52;0;130000
51;2018;500
135;1993;137000
62;1930;210000
46;0;112000
51;1935;140000
76;1985;89000
127;1932;390000
108;0;102900
95;1995;195000
55;0;130000
120;2018;200000
67;1954;295000
41;0;79000
50;0;75000
46;0;149000
44;0;79200
36;0;72000
30;0;34500
38;0;42700
46;0;53000
42;0;52500
58;0;112000
40;0;45900
30;0;34500
56;0;70000
40;0;81000
38;0;42700
44;0;84900
46;0;75900
34;0;49000
40;0;79000
35;0;104900
122;1938;400000
36;0;72000
58;0;100700
31;0;66495
34;0;89000
37;0;270
48;0;83000
52;0;66700
42;0;51000
50;0;51500
40;0;48000
39;0;85000
48;0;87000
32;0;88500
46;0;49500
35;0;88500
45;0;500
34;0;70000
54;0;55000
25;0;53000
34;0;65990
56;0;103000
46;0;49500
37;0;88500
43;0;112000
38;0;82024
33;0;94000
48;0;63000
42;0;149000
29;0;50000
43;0;55000
51;0;56000
38;2011;47000
36;2018;39600
41;2018;120000
53;0;60000
55;0;600
58;0;104400
41;0;51000
68;0;250000
55;0;114900
43;0;56000
60;0;112000
44;0;60000
68;0;168000
54;0;105000
50;0;49700
59;0;105000
47;0;450
57;0;84900
47;0;46000
65;0;79000
48;0;53000
38;0;46000
56;0;162000
57;0;110000
37;0;62000
42;0;59500
66;0;110000
54;0;88000
64;0;85000
51;0;140000
39;0;98000
59;0;105000
66;0;217800
57;0;113000
53;0;108000
34;0;90000
37;0;89000
56;0;75600
70;0;450
59;0;54900
57;0;85999
59;0;75000
65;2020;178750
68;0;59000
40;0;36000
49;0;126900
32;0;69900
45;0;67000
55;0;1200
55;0;113950
35;0;69900
50;0;69000
52;0;500
55;2020;156299
58;0;115000
53;0;111271
46;2020;130702
45;0;129500
55;0;350
66;0;109000
60;0;550
55;0;102000
51;0;59990
95;0;160000
44;0;39900
76;0;185000
75;0;350
83;0;1000
117;0;700
90;0;480
60;0;350
71;0;330
120;0;750
71;0;380
75;0;350
60;0;600
100;0;700
81;0;900
75;0;600
81;0;650
88;0;600
70;0;550
55;0;450
76;0;600
70;0;400
71;0;650
75;0;750
80;0;400
200;0;1100
70;0;1500
70;0;700
80;0;500
70;0;550
86;0;550
60;0;500
80;0;650
70;0;450
75;0;450
75;0;550
70;0;400
90;0;800
65;0;500
70;0;600
90;0;1000
80;0;550
78;0;1000
63;0;500
83;0;450
65;0;550
80;0;450
67;0;380
90;0;900
100;0;1200
80;0;450
80;0;750
71;0;450
78;0;650
90;0;900
50;0;500
90;0;700
70;0;400
68;0;400
65;0;450
80;0;400
75;0;500
101;0;1350
80;0;900
80;0;800
75;0;700
65;0;550
155;0;1500
80;0;550
80;0;600
80;0;800
70;0;650
82;0;650
73;0;142000
100;0;1000
70;0;500
85;0;450
80;0;450
90;0;600
87;0;850
80;0;650
90;0;1500
47;2020;115150
117;0;1000
42;0;130000
88;0;1350
58;0;115000
67;1964;160000
82;0;700
85;0;800
93;0;1000
50;0;490
50;0;300
54;0;130000
73;2021;607888
36;0;90000
40;0;450
80;0;700
70;0;600
37;0;92000
52;0;550
115;0;199000
32;1965;75000
62;0;175888
55;0;350
90;0;650
56;0;550
47;2018;500
150;1950;270000
51;1979;79000
55;0;176888
60;0;450
103;2009;250000
251;2017;450000
66;0;115000
33;0;320
118;2020;2500
33;2012;36100
54;2018;114000
220;0;299000
105;2009;1000
35;0;61500
123;0;950
30;0;105000
113;0;700
28;0;73000
47;0;47000
39;0;88000
140;0;235000
40;0;350
33;0;67900
50;2019;116000
37;0;114900
44;0;66000
53;0;77900
110;0;219000
33;0;82500
23;0;44500
263;0;376000
40;0;79000
40;0;400
30;0;200
30;0;106000
110;0;215000
33;0;40000
22;0;200
32;0;107000
38;0;90000
102;0;0
147;0;360000
127;0;0
321;0;0
116;0;299999
162;0;275000
105;0;0
133;0;1500
82;0;0
109;2016;299500
44;0;107000
66;2019;139500
62;0;151900
72;0;187000
50;0;101379
44;0;0
78;2019;1850
55;2018;71500
221;0;3600
43;2020;1700
75;2019;138750
78;0;1750
119;2019;1850
180;0;382200
63;2020;1700
132;0;2100
46;0;112700
134;0;220000
91;0;2200
122;0;298000
37;0;1650
46;2020;1700
51;0;127250
57;0;113300
52;0;120720
33;2020;1700
39;2020;1650
135;2018;0
37;2020;1700
75;0;175073
47;0;123244
133;2017;346000
45;0;102363
182;0;1400
58;0;140540
61;0;146400
98;0;245000
78;0;2200
35;0;0
63;0;82160
169;0;405600
96;0;217263
72;0;168391
100;0;1600
165;0;4500
62;0;142082
127;2017;203200
63;0;500
80;0;239900
46;0;0
58;0;129500
28;0;0
60;0;106213
47;0;0
90;0;255000
57;0;2300
45;0;115000
0;0;43000
42;0;2470
210;0;650000
63;0;63900
115;0;333500
40;0;77000
64;0;150000
116;0;171000
56;0;1000
85;0;140250
121;0;235000
47;0;2430
91;0;210000
56;0;450
44;0;88000
107;0;288900
57;0;91900
175;0;2500
70;0;80000
78;0;105000
68;0;150000
60;0;550
101;0;1500
50;0;450
90;0;84000
90;0;84000
150;0;3000
55;0;0
42;0;85000
79;0;135600
90;0;230000
54;0;76500
97;0;166000
36;0;69000
43;0;84900
35;0;68500
100;0;1300
63;0;500
58;0;77889
63;0;450
51;0;86500
48;0;400
58;0;500
45;0;100000
45;0;500
47;0;89000
48;0;130000
130;0;2000
50;0;68000
130;1985;235000
50;0;85000
66;0;110900
91;0;239500
47;0;127000
57;0;113000
49;0;70000
115;0;214900
82;0;142000
50;0;470
81;0;800
66;0;114900
85;0;1350
34;0;40000
55;0;650
94;0;239000
97;0;227000
77;0;153000
71;0;107000
60;0;132000
65;0;550
143;0;275000
89;0;145000
110;0;219000
100;0;1000
77;0;125000
38;0;550
120;0;330000
65;0;126000
83;0;215000
48;0;500
35;0;250
72;0;122500
102;0;258000
154;0;1800
50;0;330
104;0;275000
100;0;2000
64;0;161920
134;0;150000
150;0;280000
40;0;80000
52;0;550
46;0;63250
64;0;128000
35;2020;88500
